4,39,Pp4lqoS6RCihaYJTSrLNmWsFZUU=,qceTmhIcifmbkEVT1qs8t4anziY=
3,34,Pp4lqoS6RCihaYJTSrLNmWsFZUU=,qceTmhIcifmbkEVT1qs8t4anziY=
5,38,Pp4lqoS6RCihaYJTSrLNmWsFZUU=,qceTmhIcifmbkEVT1qs8t4anziY=
7,37,Pp4lqoS6RCihaYJTSrLNmWsFZUU=,qceTmhIcifmbkEVT1qs8t4anziY=
4,38,Pp4lqoS6RCihaYJTSrLNmWsFZUU=,qceTmhIcifmbkEVT1qs8t4anziY=
3,38,Pp4lqoS6RCihaYJTSrLNmWsFZUU=,qceTmhIcifmbkEVT1qs8t4anziY=
2,34,Pp4lqoS6RCihaYJTSrLNmWsFZUU=,qceTmhIcifmbkEVT1qs8t4anziY=
3,39,Pp4lqoS6RCihaYJTSrLNmWsFZUU=,qceTmhIcifmbkEVT1qs8t4anziY=
2,39,Pp4lqoS6RCihaYJTSrLNmWsFZUU=,qceTmhIcifmbkEVT1qs8t4anziY=
1,37,Pp4lqoS6RCihaYJTSrLNmWsFZUU=,qceTmhIcifmbkEVT1qs8t4anziY=
6,37,Pp4lqoS6RCihaYJTSrLNmWsFZUU=,qceTmhIcifmbkEVT1qs8t4anziY=
1,36,Pp4lqoS6RCihaYJTSrLNmWsFZUU=,qceTmhIcifmbkEVT1qs8t4anziY=
0,36,Pp4lqoS6RCihaYJTSrLNmWsFZUU=,qceTmhIcifmbkEVT1qs8t4anziY=
1,39,Pp4lqoS6RCihaYJTSrLNmWsFZUU=,qceTmhIcifmbkEVT1qs8t4anziY=
0,39,Pp4lqoS6RCihaYJTSrLNmWsFZUU=,qceTmhIcifmbkEVT1qs8t4anziY=
1,34,Pp4lqoS6RCihaYJTSrLNmWsFZUU=,qceTmhIcifmbkEVT1qs8t4anziY=
5,37,Pp4lqoS6RCihaYJTSrLNmWsFZUU=,qceTmhIcifmbkEVT1qs8t4anziY=
0,37,Pp4lqoS6RCihaYJTSrLNmWsFZUU=,qceTmhIcifmbkEVT1qs8t4anziY=
4,37,Pp4lqoS6RCihaYJTSrLNmWsFZUU=,qceTmhIcifmbkEVT1qs8t4anziY=
3,35,Pp4lqoS6RCihaYJTSrLNmWsFZUU=,qceTmhIcifmbkEVT1qs8t4anziY=
3,37,Pp4lqoS6RCihaYJTSrLNmWsFZUU=,qceTmhIcifmbkEVT1qs8t4anziY=
7,36,Pp4lqoS6RCihaYJTSrLNmWsFZUU=,qceTmhIcifmbkEVT1qs8t4anziY=
7,38,Pp4lqoS6RCihaYJTSrLNmWsFZUU=,qceTmhIcifmbkEVT1qs8t4anziY=
6,36,Pp4lqoS6RCihaYJTSrLNmWsFZUU=,qceTmhIcifmbkEVT1qs8t4anziY=
0,34,Pp4lqoS6RCihaYJTSrLNmWsFZUU=,qceTmhIcifmbkEVT1qs8t4anziY=
2,35,Pp4lqoS6RCihaYJTSrLNmWsFZUU=,qceTmhIcifmbkEVT1qs8t4anziY=
1,35,Pp4lqoS6RCihaYJTSrLNmWsFZUU=,qceTmhIcifmbkEVT1qs8t4anziY=
0,35,Pp4lqoS6RCihaYJTSrLNmWsFZUU=,qceTmhIcifmbkEVT1qs8t4anziY=
7,34,Pp4lqoS6RCihaYJTSrLNmWsFZUU=,qceTmhIcifmbkEVT1qs8t4anziY=
7,35,Pp4lqoS6RCihaYJTSrLNmWsFZUU=,qceTmhIcifmbkEVT1qs8t4anziY=
5,34,Pp4lqoS6RCihaYJTSrLNmWsFZUU=,qceTmhIcifmbkEVT1qs8t4anziY=
4,34,Pp4lqoS6RCihaYJTSrLNmWsFZUU=,qceTmhIcifmbkEVT1qs8t4anziY=
6,34,Pp4lqoS6RCihaYJTSrLNmWsFZUU=,qceTmhIcifmbkEVT1qs8t4anziY=
3,33,Pp4lqoS6RCihaYJTSrLNmWsFZUU=,qceTmhIcifmbkEVT1qs8t4anziY=
2,33,Pp4lqoS6RCihaYJTSrLNmWsFZUU=,qceTmhIcifmbkEVT1qs8t4anziY=
1,33,Pp4lqoS6RCihaYJTSrLNmWsFZUU=,qceTmhIcifmbkEVT1qs8t4anziY=
0,33,Pp4lqoS6RCihaYJTSrLNmWsFZUU=,qceTmhIcifmbkEVT1qs8t4anziY=
5,36,Pp4lqoS6RCihaYJTSrLNmWsFZUU=,qceTmhIcifmbkEVT1qs8t4anziY=
7,33,Pp4lqoS6RCihaYJTSrLNmWsFZUU=,qceTmhIcifmbkEVT1qs8t4anziY=
6,38,Pp4lqoS6RCihaYJTSrLNmWsFZUU=,qceTmhIcifmbkEVT1qs8t4anziY=
6,33,Pp4lqoS6RCihaYJTSrLNmWsFZUU=,qceTmhIcifmbkEVT1qs8t4anziY=
6,35,Pp4lqoS6RCihaYJTSrLNmWsFZUU=,qceTmhIcifmbkEVT1qs8t4anziY=
5,33,Pp4lqoS6RCihaYJTSrLNmWsFZUU=,qceTmhIcifmbkEVT1qs8t4anziY=
4,36,Pp4lqoS6RCihaYJTSrLNmWsFZUU=,qceTmhIcifmbkEVT1qs8t4anziY=
5,35,Pp4lqoS6RCihaYJTSrLNmWsFZUU=,qceTmhIcifmbkEVT1qs8t4anziY=
4,35,Pp4lqoS6RCihaYJTSrLNmWsFZUU=,qceTmhIcifmbkEVT1qs8t4anziY=
4,33,Pp4lqoS6RCihaYJTSrLNmWsFZUU=,qceTmhIcifmbkEVT1qs8t4anziY=
3,36,Pp4lqoS6RCihaYJTSrLNmWsFZUU=,qceTmhIcifmbkEVT1qs8t4anziY=
2,38,Pp4lqoS6RCihaYJTSrLNmWsFZUU=,qceTmhIcifmbkEVT1qs8t4anziY=
2,37,Pp4lqoS6RCihaYJTSrLNmWsFZUU=,qceTmhIcifmbkEVT1qs8t4anziY=
1,38,Pp4lqoS6RCihaYJTSrLNmWsFZUU=,qceTmhIcifmbkEVT1qs8t4anziY=
0,38,Pp4lqoS6RCihaYJTSrLNmWsFZUU=,qceTmhIcifmbkEVT1qs8t4anziY=
2,36,Pp4lqoS6RCihaYJTSrLNmWsFZUU=,qceTmhIcifmbkEVT1qs8t4anziY=
7,39,Pp4lqoS6RCihaYJTSrLNmWsFZUU=,qceTmhIcifmbkEVT1qs8t4anziY=
6,39,Pp4lqoS6RCihaYJTSrLNmWsFZUU=,qceTmhIcifmbkEVT1qs8t4anziY=
5,39,Pp4lqoS6RCihaYJTSrLNmWsFZUU=,qceTmhIcifmbkEVT1qs8t4anziY=
4,32,Pp4lqoS6RCihaYJTSrLNmWsFZUU=,qceTmhIcifmbkEVT1qs8t4anziY=
5,32,Pp4lqoS6RCihaYJTSrLNmWsFZUU=,qceTmhIcifmbkEVT1qs8t4anziY=
6,32,Pp4lqoS6RCihaYJTSrLNmWsFZUU=,qceTmhIcifmbkEVT1qs8t4anziY=
7,32,Pp4lqoS6RCihaYJTSrLNmWsFZUU=,qceTmhIcifmbkEVT1qs8t4anziY=
1,32,Pp4lqoS6RCihaYJTSrLNmWsFZUU=,qceTmhIcifmbkEVT1qs8t4anziY=
0,32,Pp4lqoS6RCihaYJTSrLNmWsFZUU=,qceTmhIcifmbkEVT1qs8t4anziY=
2,32,Pp4lqoS6RCihaYJTSrLNmWsFZUU=,qceTmhIcifmbkEVT1qs8t4anziY=
3,32,Pp4lqoS6RCihaYJTSrLNmWsFZUU=,qceTmhIcifmbkEVT1qs8t4anziY=
