34,-31,NYJQUcOJcqEzy4jRXnfD7rIRWgk=,7+CFjUPickR7CsI109zs5SosUX8=
35,-29,NYJQUcOJcqEzy4jRXnfD7rIRWgk=,7+CFjUPickR7CsI109zs5SosUX8=
37,-31,NYJQUcOJcqEzy4jRXnfD7rIRWgk=,7+CFjUPickR7CsI109zs5SosUX8=
37,-30,NYJQUcOJcqEzy4jRXnfD7rIRWgk=,7+CFjUPickR7CsI109zs5SosUX8=
38,-31,88ZrPOWp8kq+wEC6Pi4RyFDy1VM=,7+CFjUPickR7CsI109zs5SosUX8=
33,-31,88ZrPOWp8kq+wEC6Pi4RyFDy1VM=,7+CFjUPickR7CsI109zs5SosUX8=
38,-26,88ZrPOWp8kq+wEC6Pi4RyFDy1VM=,7+CFjUPickR7CsI109zs5SosUX8=
34,-29,88ZrPOWp8kq+wEC6Pi4RyFDy1VM=,7+CFjUPickR7CsI109zs5SosUX8=
37,-26,88ZrPOWp8kq+wEC6Pi4RyFDy1VM=,7+CFjUPickR7CsI109zs5SosUX8=
35,-26,88ZrPOWp8kq+wEC6Pi4RyFDy1VM=,7+CFjUPickR7CsI109zs5SosUX8=
36,-26,88ZrPOWp8kq+wEC6Pi4RyFDy1VM=,7+CFjUPickR7CsI109zs5SosUX8=
33,-29,88ZrPOWp8kq+wEC6Pi4RyFDy1VM=,7+CFjUPickR7CsI109zs5SosUX8=
34,-26,88ZrPOWp8kq+wEC6Pi4RyFDy1VM=,7+CFjUPickR7CsI109zs5SosUX8=
33,-26,88ZrPOWp8kq+wEC6Pi4RyFDy1VM=,7+CFjUPickR7CsI109zs5SosUX8=
36,-30,88ZrPOWp8kq+wEC6Pi4RyFDy1VM=,7+CFjUPickR7CsI109zs5SosUX8=
38,-27,88ZrPOWp8kq+wEC6Pi4RyFDy1VM=,7+CFjUPickR7CsI109zs5SosUX8=
37,-27,88ZrPOWp8kq+wEC6Pi4RyFDy1VM=,7+CFjUPickR7CsI109zs5SosUX8=
36,-27,88ZrPOWp8kq+wEC6Pi4RyFDy1VM=,7+CFjUPickR7CsI109zs5SosUX8=
35,-27,88ZrPOWp8kq+wEC6Pi4RyFDy1VM=,7+CFjUPickR7CsI109zs5SosUX8=
34,-27,88ZrPOWp8kq+wEC6Pi4RyFDy1VM=,7+CFjUPickR7CsI109zs5SosUX8=
33,-27,88ZrPOWp8kq+wEC6Pi4RyFDy1VM=,7+CFjUPickR7CsI109zs5SosUX8=
35,-30,88ZrPOWp8kq+wEC6Pi4RyFDy1VM=,7+CFjUPickR7CsI109zs5SosUX8=
38,-30,88ZrPOWp8kq+wEC6Pi4RyFDy1VM=,7+CFjUPickR7CsI109zs5SosUX8=
34,-30,88ZrPOWp8kq+wEC6Pi4RyFDy1VM=,7+CFjUPickR7CsI109zs5SosUX8=
33,-30,88ZrPOWp8kq+wEC6Pi4RyFDy1VM=,7+CFjUPickR7CsI109zs5SosUX8=
38,-28,88ZrPOWp8kq+wEC6Pi4RyFDy1VM=,7+CFjUPickR7CsI109zs5SosUX8=
37,-28,88ZrPOWp8kq+wEC6Pi4RyFDy1VM=,7+CFjUPickR7CsI109zs5SosUX8=
36,-28,88ZrPOWp8kq+wEC6Pi4RyFDy1VM=,7+CFjUPickR7CsI109zs5SosUX8=
35,-28,88ZrPOWp8kq+wEC6Pi4RyFDy1VM=,7+CFjUPickR7CsI109zs5SosUX8=
34,-28,88ZrPOWp8kq+wEC6Pi4RyFDy1VM=,7+CFjUPickR7CsI109zs5SosUX8=
33,-28,88ZrPOWp8kq+wEC6Pi4RyFDy1VM=,7+CFjUPickR7CsI109zs5SosUX8=
38,-29,88ZrPOWp8kq+wEC6Pi4RyFDy1VM=,7+CFjUPickR7CsI109zs5SosUX8=
37,-29,FdzxQl+jz4YI8jubfL9XO807l6M=,7+CFjUPickR7CsI109zs5SosUX8=
36,-29,19wqP8Si60of1eS3o6bNeVetOXY=,7+CFjUPickR7CsI109zs5SosUX8=
44,-29,C4pKg9447xv/8hlGYt5MPywDvBU=,7+CFjUPickR7CsI109zs5SosUX8=
36,-31,C4pKg9447xv/8hlGYt5MPywDvBU=,7+CFjUPickR7CsI109zs5SosUX8=
35,-31,C4pKg9447xv/8hlGYt5MPywDvBU=,7+CFjUPickR7CsI109zs5SosUX8=
39,-29,C4pKg9447xv/8hlGYt5MPywDvBU=,7+CFjUPickR7CsI109zs5SosUX8=
45,-29,C4pKg9447xv/8hlGYt5MPywDvBU=,7+CFjUPickR7CsI109zs5SosUX8=
46,-29,C4pKg9447xv/8hlGYt5MPywDvBU=,7+CFjUPickR7CsI109zs5SosUX8=
39,-28,C4pKg9447xv/8hlGYt5MPywDvBU=,7+CFjUPickR7CsI109zs5SosUX8=
40,-28,C4pKg9447xv/8hlGYt5MPywDvBU=,7+CFjUPickR7CsI109zs5SosUX8=
41,-28,C4pKg9447xv/8hlGYt5MPywDvBU=,7+CFjUPickR7CsI109zs5SosUX8=
39,-27,C4pKg9447xv/8hlGYt5MPywDvBU=,7+CFjUPickR7CsI109zs5SosUX8=
39,-30,C4pKg9447xv/8hlGYt5MPywDvBU=,7+CFjUPickR7CsI109zs5SosUX8=
42,-28,C4pKg9447xv/8hlGYt5MPywDvBU=,7+CFjUPickR7CsI109zs5SosUX8=
40,-31,C4pKg9447xv/8hlGYt5MPywDvBU=,7+CFjUPickR7CsI109zs5SosUX8=
43,-28,C4pKg9447xv/8hlGYt5MPywDvBU=,7+CFjUPickR7CsI109zs5SosUX8=
44,-28,C4pKg9447xv/8hlGYt5MPywDvBU=,7+CFjUPickR7CsI109zs5SosUX8=
45,-28,C4pKg9447xv/8hlGYt5MPywDvBU=,7+CFjUPickR7CsI109zs5SosUX8=
41,-31,C4pKg9447xv/8hlGYt5MPywDvBU=,7+CFjUPickR7CsI109zs5SosUX8=
46,-28,C4pKg9447xv/8hlGYt5MPywDvBU=,7+CFjUPickR7CsI109zs5SosUX8=
42,-31,C4pKg9447xv/8hlGYt5MPywDvBU=,7+CFjUPickR7CsI109zs5SosUX8=
40,-27,C4pKg9447xv/8hlGYt5MPywDvBU=,7+CFjUPickR7CsI109zs5SosUX8=
41,-27,C4pKg9447xv/8hlGYt5MPywDvBU=,7+CFjUPickR7CsI109zs5SosUX8=
42,-27,C4pKg9447xv/8hlGYt5MPywDvBU=,7+CFjUPickR7CsI109zs5SosUX8=
43,-27,C4pKg9447xv/8hlGYt5MPywDvBU=,7+CFjUPickR7CsI109zs5SosUX8=
45,-27,C4pKg9447xv/8hlGYt5MPywDvBU=,7+CFjUPickR7CsI109zs5SosUX8=
44,-27,C4pKg9447xv/8hlGYt5MPywDvBU=,7+CFjUPickR7CsI109zs5SosUX8=
46,-27,C4pKg9447xv/8hlGYt5MPywDvBU=,7+CFjUPickR7CsI109zs5SosUX8=
44,-31,C4pKg9447xv/8hlGYt5MPywDvBU=,7+CFjUPickR7CsI109zs5SosUX8=
39,-26,C4pKg9447xv/8hlGYt5MPywDvBU=,7+CFjUPickR7CsI109zs5SosUX8=
43,-31,C4pKg9447xv/8hlGYt5MPywDvBU=,7+CFjUPickR7CsI109zs5SosUX8=
40,-26,C4pKg9447xv/8hlGYt5MPywDvBU=,7+CFjUPickR7CsI109zs5SosUX8=
41,-26,C4pKg9447xv/8hlGYt5MPywDvBU=,7+CFjUPickR7CsI109zs5SosUX8=
42,-26,C4pKg9447xv/8hlGYt5MPywDvBU=,7+CFjUPickR7CsI109zs5SosUX8=
43,-26,C4pKg9447xv/8hlGYt5MPywDvBU=,7+CFjUPickR7CsI109zs5SosUX8=
44,-26,C4pKg9447xv/8hlGYt5MPywDvBU=,7+CFjUPickR7CsI109zs5SosUX8=
45,-26,C4pKg9447xv/8hlGYt5MPywDvBU=,7+CFjUPickR7CsI109zs5SosUX8=
45,-31,C4pKg9447xv/8hlGYt5MPywDvBU=,7+CFjUPickR7CsI109zs5SosUX8=
46,-31,C4pKg9447xv/8hlGYt5MPywDvBU=,7+CFjUPickR7CsI109zs5SosUX8=
40,-30,C4pKg9447xv/8hlGYt5MPywDvBU=,7+CFjUPickR7CsI109zs5SosUX8=
46,-26,C4pKg9447xv/8hlGYt5MPywDvBU=,7+CFjUPickR7CsI109zs5SosUX8=
41,-30,C4pKg9447xv/8hlGYt5MPywDvBU=,7+CFjUPickR7CsI109zs5SosUX8=
39,-31,C4pKg9447xv/8hlGYt5MPywDvBU=,7+CFjUPickR7CsI109zs5SosUX8=
42,-30,C4pKg9447xv/8hlGYt5MPywDvBU=,7+CFjUPickR7CsI109zs5SosUX8=
43,-30,C4pKg9447xv/8hlGYt5MPywDvBU=,7+CFjUPickR7CsI109zs5SosUX8=
44,-30,C4pKg9447xv/8hlGYt5MPywDvBU=,7+CFjUPickR7CsI109zs5SosUX8=
45,-30,C4pKg9447xv/8hlGYt5MPywDvBU=,7+CFjUPickR7CsI109zs5SosUX8=
46,-30,C4pKg9447xv/8hlGYt5MPywDvBU=,7+CFjUPickR7CsI109zs5SosUX8=
40,-29,C4pKg9447xv/8hlGYt5MPywDvBU=,7+CFjUPickR7CsI109zs5SosUX8=
41,-29,C4pKg9447xv/8hlGYt5MPywDvBU=,7+CFjUPickR7CsI109zs5SosUX8=
42,-29,C4pKg9447xv/8hlGYt5MPywDvBU=,7+CFjUPickR7CsI109zs5SosUX8=
43,-29,C4pKg9447xv/8hlGYt5MPywDvBU=,7+CFjUPickR7CsI109zs5SosUX8=
47,-29,C4pKg9447xv/8hlGYt5MPywDvBU=,7+CFjUPickR7CsI109zs5SosUX8=
47,-28,C4pKg9447xv/8hlGYt5MPywDvBU=,7+CFjUPickR7CsI109zs5SosUX8=
47,-27,C4pKg9447xv/8hlGYt5MPywDvBU=,7+CFjUPickR7CsI109zs5SosUX8=
47,-31,C4pKg9447xv/8hlGYt5MPywDvBU=,7+CFjUPickR7CsI109zs5SosUX8=
47,-26,C4pKg9447xv/8hlGYt5MPywDvBU=,7+CFjUPickR7CsI109zs5SosUX8=
47,-30,C4pKg9447xv/8hlGYt5MPywDvBU=,7+CFjUPickR7CsI109zs5SosUX8=
32,-28,C4pKg9447xv/8hlGYt5MPywDvBU=,7+CFjUPickR7CsI109zs5SosUX8=
32,-30,C4pKg9447xv/8hlGYt5MPywDvBU=,7+CFjUPickR7CsI109zs5SosUX8=
32,-27,C4pKg9447xv/8hlGYt5MPywDvBU=,7+CFjUPickR7CsI109zs5SosUX8=
32,-29,C4pKg9447xv/8hlGYt5MPywDvBU=,7+CFjUPickR7CsI109zs5SosUX8=
32,-26,C4pKg9447xv/8hlGYt5MPywDvBU=,7+CFjUPickR7CsI109zs5SosUX8=
32,-31,C4pKg9447xv/8hlGYt5MPywDvBU=,7+CFjUPickR7CsI109zs5SosUX8=
36,-32,C4pKg9447xv/8hlGYt5MPywDvBU=,7+CFjUPickR7CsI109zs5SosUX8=
33,-32,C4pKg9447xv/8hlGYt5MPywDvBU=,7+CFjUPickR7CsI109zs5SosUX8=
37,-32,C4pKg9447xv/8hlGYt5MPywDvBU=,7+CFjUPickR7CsI109zs5SosUX8=
34,-32,C4pKg9447xv/8hlGYt5MPywDvBU=,7+CFjUPickR7CsI109zs5SosUX8=
38,-32,C4pKg9447xv/8hlGYt5MPywDvBU=,7+CFjUPickR7CsI109zs5SosUX8=
35,-32,C4pKg9447xv/8hlGYt5MPywDvBU=,7+CFjUPickR7CsI109zs5SosUX8=
47,-32,C4pKg9447xv/8hlGYt5MPywDvBU=,7+CFjUPickR7CsI109zs5SosUX8=
40,-32,C4pKg9447xv/8hlGYt5MPywDvBU=,7+CFjUPickR7CsI109zs5SosUX8=
41,-32,C4pKg9447xv/8hlGYt5MPywDvBU=,7+CFjUPickR7CsI109zs5SosUX8=
42,-32,C4pKg9447xv/8hlGYt5MPywDvBU=,7+CFjUPickR7CsI109zs5SosUX8=
43,-32,C4pKg9447xv/8hlGYt5MPywDvBU=,7+CFjUPickR7CsI109zs5SosUX8=
44,-32,C4pKg9447xv/8hlGYt5MPywDvBU=,7+CFjUPickR7CsI109zs5SosUX8=
45,-32,C4pKg9447xv/8hlGYt5MPywDvBU=,7+CFjUPickR7CsI109zs5SosUX8=
46,-32,C4pKg9447xv/8hlGYt5MPywDvBU=,7+CFjUPickR7CsI109zs5SosUX8=
39,-32,C4pKg9447xv/8hlGYt5MPywDvBU=,7+CFjUPickR7CsI109zs5SosUX8=
32,-32,C4pKg9447xv/8hlGYt5MPywDvBU=,7+CFjUPickR7CsI109zs5SosUX8=
44,-19,C4pKg9447xv/8hlGYt5MPywDvBU=,7+CFjUPickR7CsI109zs5SosUX8=
45,-19,C4pKg9447xv/8hlGYt5MPywDvBU=,7+CFjUPickR7CsI109zs5SosUX8=
46,-19,C4pKg9447xv/8hlGYt5MPywDvBU=,7+CFjUPickR7CsI109zs5SosUX8=
47,-19,C4pKg9447xv/8hlGYt5MPywDvBU=,7+CFjUPickR7CsI109zs5SosUX8=
41,-18,C4pKg9447xv/8hlGYt5MPywDvBU=,7+CFjUPickR7CsI109zs5SosUX8=
42,-18,C4pKg9447xv/8hlGYt5MPywDvBU=,7+CFjUPickR7CsI109zs5SosUX8=
43,-18,C4pKg9447xv/8hlGYt5MPywDvBU=,7+CFjUPickR7CsI109zs5SosUX8=
44,-18,C4pKg9447xv/8hlGYt5MPywDvBU=,7+CFjUPickR7CsI109zs5SosUX8=
45,-18,C4pKg9447xv/8hlGYt5MPywDvBU=,7+CFjUPickR7CsI109zs5SosUX8=
46,-18,C4pKg9447xv/8hlGYt5MPywDvBU=,7+CFjUPickR7CsI109zs5SosUX8=
47,-18,C4pKg9447xv/8hlGYt5MPywDvBU=,7+CFjUPickR7CsI109zs5SosUX8=
41,-17,C4pKg9447xv/8hlGYt5MPywDvBU=,7+CFjUPickR7CsI109zs5SosUX8=
41,-24,C4pKg9447xv/8hlGYt5MPywDvBU=,7+CFjUPickR7CsI109zs5SosUX8=
47,-25,C4pKg9447xv/8hlGYt5MPywDvBU=,7+CFjUPickR7CsI109zs5SosUX8=
42,-17,C4pKg9447xv/8hlGYt5MPywDvBU=,7+CFjUPickR7CsI109zs5SosUX8=
43,-19,C4pKg9447xv/8hlGYt5MPywDvBU=,7+CFjUPickR7CsI109zs5SosUX8=
42,-24,C4pKg9447xv/8hlGYt5MPywDvBU=,7+CFjUPickR7CsI109zs5SosUX8=
32,-24,C4pKg9447xv/8hlGYt5MPywDvBU=,7+CFjUPickR7CsI109zs5SosUX8=
33,-24,C4pKg9447xv/8hlGYt5MPywDvBU=,7+CFjUPickR7CsI109zs5SosUX8=
43,-24,C4pKg9447xv/8hlGYt5MPywDvBU=,7+CFjUPickR7CsI109zs5SosUX8=
44,-24,C4pKg9447xv/8hlGYt5MPywDvBU=,7+CFjUPickR7CsI109zs5SosUX8=
34,-24,C4pKg9447xv/8hlGYt5MPywDvBU=,7+CFjUPickR7CsI109zs5SosUX8=
42,-19,C4pKg9447xv/8hlGYt5MPywDvBU=,7+CFjUPickR7CsI109zs5SosUX8=
45,-24,C4pKg9447xv/8hlGYt5MPywDvBU=,7+CFjUPickR7CsI109zs5SosUX8=
39,-25,C4pKg9447xv/8hlGYt5MPywDvBU=,7+CFjUPickR7CsI109zs5SosUX8=
43,-17,C4pKg9447xv/8hlGYt5MPywDvBU=,7+CFjUPickR7CsI109zs5SosUX8=
36,-17,C4pKg9447xv/8hlGYt5MPywDvBU=,7+CFjUPickR7CsI109zs5SosUX8=
35,-17,C4pKg9447xv/8hlGYt5MPywDvBU=,7+CFjUPickR7CsI109zs5SosUX8=
44,-17,C4pKg9447xv/8hlGYt5MPywDvBU=,7+CFjUPickR7CsI109zs5SosUX8=
41,-19,C4pKg9447xv/8hlGYt5MPywDvBU=,7+CFjUPickR7CsI109zs5SosUX8=
45,-17,C4pKg9447xv/8hlGYt5MPywDvBU=,7+CFjUPickR7CsI109zs5SosUX8=
46,-25,C4pKg9447xv/8hlGYt5MPywDvBU=,7+CFjUPickR7CsI109zs5SosUX8=
45,-25,C4pKg9447xv/8hlGYt5MPywDvBU=,7+CFjUPickR7CsI109zs5SosUX8=
38,-25,C4pKg9447xv/8hlGYt5MPywDvBU=,7+CFjUPickR7CsI109zs5SosUX8=
46,-17,C4pKg9447xv/8hlGYt5MPywDvBU=,7+CFjUPickR7CsI109zs5SosUX8=
47,-20,C4pKg9447xv/8hlGYt5MPywDvBU=,7+CFjUPickR7CsI109zs5SosUX8=
47,-17,C4pKg9447xv/8hlGYt5MPywDvBU=,7+CFjUPickR7CsI109zs5SosUX8=
35,-24,C4pKg9447xv/8hlGYt5MPywDvBU=,7+CFjUPickR7CsI109zs5SosUX8=
46,-24,C4pKg9447xv/8hlGYt5MPywDvBU=,7+CFjUPickR7CsI109zs5SosUX8=
37,-17,C4pKg9447xv/8hlGYt5MPywDvBU=,7+CFjUPickR7CsI109zs5SosUX8=
47,-24,C4pKg9447xv/8hlGYt5MPywDvBU=,7+CFjUPickR7CsI109zs5SosUX8=
36,-24,C4pKg9447xv/8hlGYt5MPywDvBU=,7+CFjUPickR7CsI109zs5SosUX8=
41,-23,C4pKg9447xv/8hlGYt5MPywDvBU=,7+CFjUPickR7CsI109zs5SosUX8=
37,-24,C4pKg9447xv/8hlGYt5MPywDvBU=,7+CFjUPickR7CsI109zs5SosUX8=
42,-23,C4pKg9447xv/8hlGYt5MPywDvBU=,7+CFjUPickR7CsI109zs5SosUX8=
38,-24,C4pKg9447xv/8hlGYt5MPywDvBU=,7+CFjUPickR7CsI109zs5SosUX8=
43,-23,C4pKg9447xv/8hlGYt5MPywDvBU=,7+CFjUPickR7CsI109zs5SosUX8=
39,-24,C4pKg9447xv/8hlGYt5MPywDvBU=,7+CFjUPickR7CsI109zs5SosUX8=
44,-23,C4pKg9447xv/8hlGYt5MPywDvBU=,7+CFjUPickR7CsI109zs5SosUX8=
32,-23,C4pKg9447xv/8hlGYt5MPywDvBU=,7+CFjUPickR7CsI109zs5SosUX8=
45,-23,C4pKg9447xv/8hlGYt5MPywDvBU=,7+CFjUPickR7CsI109zs5SosUX8=
40,-18,C4pKg9447xv/8hlGYt5MPywDvBU=,7+CFjUPickR7CsI109zs5SosUX8=
46,-23,C4pKg9447xv/8hlGYt5MPywDvBU=,7+CFjUPickR7CsI109zs5SosUX8=
33,-23,C4pKg9447xv/8hlGYt5MPywDvBU=,7+CFjUPickR7CsI109zs5SosUX8=
44,-25,C4pKg9447xv/8hlGYt5MPywDvBU=,7+CFjUPickR7CsI109zs5SosUX8=
34,-23,C4pKg9447xv/8hlGYt5MPywDvBU=,7+CFjUPickR7CsI109zs5SosUX8=
47,-23,C4pKg9447xv/8hlGYt5MPywDvBU=,7+CFjUPickR7CsI109zs5SosUX8=
43,-25,C4pKg9447xv/8hlGYt5MPywDvBU=,7+CFjUPickR7CsI109zs5SosUX8=
35,-23,C4pKg9447xv/8hlGYt5MPywDvBU=,7+CFjUPickR7CsI109zs5SosUX8=
42,-25,C4pKg9447xv/8hlGYt5MPywDvBU=,7+CFjUPickR7CsI109zs5SosUX8=
41,-22,C4pKg9447xv/8hlGYt5MPywDvBU=,7+CFjUPickR7CsI109zs5SosUX8=
41,-25,C4pKg9447xv/8hlGYt5MPywDvBU=,7+CFjUPickR7CsI109zs5SosUX8=
38,-17,C4pKg9447xv/8hlGYt5MPywDvBU=,7+CFjUPickR7CsI109zs5SosUX8=
42,-22,C4pKg9447xv/8hlGYt5MPywDvBU=,7+CFjUPickR7CsI109zs5SosUX8=
46,-20,C4pKg9447xv/8hlGYt5MPywDvBU=,7+CFjUPickR7CsI109zs5SosUX8=
37,-25,C4pKg9447xv/8hlGYt5MPywDvBU=,7+CFjUPickR7CsI109zs5SosUX8=
36,-23,C4pKg9447xv/8hlGYt5MPywDvBU=,7+CFjUPickR7CsI109zs5SosUX8=
43,-22,C4pKg9447xv/8hlGYt5MPywDvBU=,7+CFjUPickR7CsI109zs5SosUX8=
37,-23,C4pKg9447xv/8hlGYt5MPywDvBU=,7+CFjUPickR7CsI109zs5SosUX8=
44,-22,C4pKg9447xv/8hlGYt5MPywDvBU=,7+CFjUPickR7CsI109zs5SosUX8=
39,-17,C4pKg9447xv/8hlGYt5MPywDvBU=,7+CFjUPickR7CsI109zs5SosUX8=
45,-22,C4pKg9447xv/8hlGYt5MPywDvBU=,7+CFjUPickR7CsI109zs5SosUX8=
38,-23,C4pKg9447xv/8hlGYt5MPywDvBU=,7+CFjUPickR7CsI109zs5SosUX8=
46,-22,C4pKg9447xv/8hlGYt5MPywDvBU=,7+CFjUPickR7CsI109zs5SosUX8=
40,-24,C4pKg9447xv/8hlGYt5MPywDvBU=,7+CFjUPickR7CsI109zs5SosUX8=
47,-22,C4pKg9447xv/8hlGYt5MPywDvBU=,7+CFjUPickR7CsI109zs5SosUX8=
40,-17,C4pKg9447xv/8hlGYt5MPywDvBU=,7+CFjUPickR7CsI109zs5SosUX8=
41,-21,C4pKg9447xv/8hlGYt5MPywDvBU=,7+CFjUPickR7CsI109zs5SosUX8=
39,-23,C4pKg9447xv/8hlGYt5MPywDvBU=,7+CFjUPickR7CsI109zs5SosUX8=
42,-21,C4pKg9447xv/8hlGYt5MPywDvBU=,7+CFjUPickR7CsI109zs5SosUX8=
32,-22,C4pKg9447xv/8hlGYt5MPywDvBU=,7+CFjUPickR7CsI109zs5SosUX8=
43,-21,C4pKg9447xv/8hlGYt5MPywDvBU=,7+CFjUPickR7CsI109zs5SosUX8=
33,-22,C4pKg9447xv/8hlGYt5MPywDvBU=,7+CFjUPickR7CsI109zs5SosUX8=
44,-21,C4pKg9447xv/8hlGYt5MPywDvBU=,7+CFjUPickR7CsI109zs5SosUX8=
34,-22,C4pKg9447xv/8hlGYt5MPywDvBU=,7+CFjUPickR7CsI109zs5SosUX8=
45,-21,C4pKg9447xv/8hlGYt5MPywDvBU=,7+CFjUPickR7CsI109zs5SosUX8=
46,-21,C4pKg9447xv/8hlGYt5MPywDvBU=,7+CFjUPickR7CsI109zs5SosUX8=
45,-20,C4pKg9447xv/8hlGYt5MPywDvBU=,7+CFjUPickR7CsI109zs5SosUX8=
35,-22,C4pKg9447xv/8hlGYt5MPywDvBU=,7+CFjUPickR7CsI109zs5SosUX8=
47,-21,C4pKg9447xv/8hlGYt5MPywDvBU=,7+CFjUPickR7CsI109zs5SosUX8=
44,-20,C4pKg9447xv/8hlGYt5MPywDvBU=,7+CFjUPickR7CsI109zs5SosUX8=
36,-22,C4pKg9447xv/8hlGYt5MPywDvBU=,7+CFjUPickR7CsI109zs5SosUX8=
41,-20,C4pKg9447xv/8hlGYt5MPywDvBU=,7+CFjUPickR7CsI109zs5SosUX8=
43,-20,C4pKg9447xv/8hlGYt5MPywDvBU=,7+CFjUPickR7CsI109zs5SosUX8=
36,-25,C4pKg9447xv/8hlGYt5MPywDvBU=,7+CFjUPickR7CsI109zs5SosUX8=
42,-20,C4pKg9447xv/8hlGYt5MPywDvBU=,7+CFjUPickR7CsI109zs5SosUX8=
37,-22,C4pKg9447xv/8hlGYt5MPywDvBU=,7+CFjUPickR7CsI109zs5SosUX8=
34,-17,C4pKg9447xv/8hlGYt5MPywDvBU=,7+CFjUPickR7CsI109zs5SosUX8=
40,-19,C4pKg9447xv/8hlGYt5MPywDvBU=,7+CFjUPickR7CsI109zs5SosUX8=
33,-17,C4pKg9447xv/8hlGYt5MPywDvBU=,7+CFjUPickR7CsI109zs5SosUX8=
32,-17,C4pKg9447xv/8hlGYt5MPywDvBU=,7+CFjUPickR7CsI109zs5SosUX8=
38,-22,C4pKg9447xv/8hlGYt5MPywDvBU=,7+CFjUPickR7CsI109zs5SosUX8=
39,-18,C4pKg9447xv/8hlGYt5MPywDvBU=,7+CFjUPickR7CsI109zs5SosUX8=
38,-18,C4pKg9447xv/8hlGYt5MPywDvBU=,7+CFjUPickR7CsI109zs5SosUX8=
35,-25,C4pKg9447xv/8hlGYt5MPywDvBU=,7+CFjUPickR7CsI109zs5SosUX8=
39,-22,C4pKg9447xv/8hlGYt5MPywDvBU=,7+CFjUPickR7CsI109zs5SosUX8=
37,-18,C4pKg9447xv/8hlGYt5MPywDvBU=,7+CFjUPickR7CsI109zs5SosUX8=
36,-18,C4pKg9447xv/8hlGYt5MPywDvBU=,7+CFjUPickR7CsI109zs5SosUX8=
32,-21,C4pKg9447xv/8hlGYt5MPywDvBU=,7+CFjUPickR7CsI109zs5SosUX8=
35,-18,C4pKg9447xv/8hlGYt5MPywDvBU=,7+CFjUPickR7CsI109zs5SosUX8=
34,-18,C4pKg9447xv/8hlGYt5MPywDvBU=,7+CFjUPickR7CsI109zs5SosUX8=
40,-23,C4pKg9447xv/8hlGYt5MPywDvBU=,7+CFjUPickR7CsI109zs5SosUX8=
33,-18,C4pKg9447xv/8hlGYt5MPywDvBU=,7+CFjUPickR7CsI109zs5SosUX8=
34,-25,C4pKg9447xv/8hlGYt5MPywDvBU=,7+CFjUPickR7CsI109zs5SosUX8=
33,-25,C4pKg9447xv/8hlGYt5MPywDvBU=,7+CFjUPickR7CsI109zs5SosUX8=
32,-18,C4pKg9447xv/8hlGYt5MPywDvBU=,7+CFjUPickR7CsI109zs5SosUX8=
40,-25,C4pKg9447xv/8hlGYt5MPywDvBU=,7+CFjUPickR7CsI109zs5SosUX8=
33,-21,C4pKg9447xv/8hlGYt5MPywDvBU=,7+CFjUPickR7CsI109zs5SosUX8=
38,-19,C4pKg9447xv/8hlGYt5MPywDvBU=,7+CFjUPickR7CsI109zs5SosUX8=
39,-19,C4pKg9447xv/8hlGYt5MPywDvBU=,7+CFjUPickR7CsI109zs5SosUX8=
32,-25,C4pKg9447xv/8hlGYt5MPywDvBU=,7+CFjUPickR7CsI109zs5SosUX8=
34,-21,C4pKg9447xv/8hlGYt5MPywDvBU=,7+CFjUPickR7CsI109zs5SosUX8=
37,-19,C4pKg9447xv/8hlGYt5MPywDvBU=,7+CFjUPickR7CsI109zs5SosUX8=
36,-19,C4pKg9447xv/8hlGYt5MPywDvBU=,7+CFjUPickR7CsI109zs5SosUX8=
40,-20,C4pKg9447xv/8hlGYt5MPywDvBU=,7+CFjUPickR7CsI109zs5SosUX8=
35,-21,C4pKg9447xv/8hlGYt5MPywDvBU=,7+CFjUPickR7CsI109zs5SosUX8=
35,-19,C4pKg9447xv/8hlGYt5MPywDvBU=,7+CFjUPickR7CsI109zs5SosUX8=
34,-19,C4pKg9447xv/8hlGYt5MPywDvBU=,7+CFjUPickR7CsI109zs5SosUX8=
36,-21,C4pKg9447xv/8hlGYt5MPywDvBU=,7+CFjUPickR7CsI109zs5SosUX8=
33,-19,C4pKg9447xv/8hlGYt5MPywDvBU=,7+CFjUPickR7CsI109zs5SosUX8=
32,-19,C4pKg9447xv/8hlGYt5MPywDvBU=,7+CFjUPickR7CsI109zs5SosUX8=
39,-20,C4pKg9447xv/8hlGYt5MPywDvBU=,7+CFjUPickR7CsI109zs5SosUX8=
37,-21,C4pKg9447xv/8hlGYt5MPywDvBU=,7+CFjUPickR7CsI109zs5SosUX8=
38,-20,C4pKg9447xv/8hlGYt5MPywDvBU=,7+CFjUPickR7CsI109zs5SosUX8=
37,-20,C4pKg9447xv/8hlGYt5MPywDvBU=,7+CFjUPickR7CsI109zs5SosUX8=
38,-21,C4pKg9447xv/8hlGYt5MPywDvBU=,7+CFjUPickR7CsI109zs5SosUX8=
36,-20,C4pKg9447xv/8hlGYt5MPywDvBU=,7+CFjUPickR7CsI109zs5SosUX8=
35,-20,C4pKg9447xv/8hlGYt5MPywDvBU=,7+CFjUPickR7CsI109zs5SosUX8=
39,-21,C4pKg9447xv/8hlGYt5MPywDvBU=,7+CFjUPickR7CsI109zs5SosUX8=
34,-20,C4pKg9447xv/8hlGYt5MPywDvBU=,7+CFjUPickR7CsI109zs5SosUX8=
33,-20,C4pKg9447xv/8hlGYt5MPywDvBU=,7+CFjUPickR7CsI109zs5SosUX8=
40,-22,C4pKg9447xv/8hlGYt5MPywDvBU=,7+CFjUPickR7CsI109zs5SosUX8=
40,-21,C4pKg9447xv/8hlGYt5MPywDvBU=,7+CFjUPickR7CsI109zs5SosUX8=
32,-20,C4pKg9447xv/8hlGYt5MPywDvBU=,7+CFjUPickR7CsI109zs5SosUX8=
34,-15,i0sFCb2AxLCRnhsUvXSJu147/x4=,Zjta3b4IkrwuiY8JFSsNa2nwdIc=
37,-10,Jnh/QTgzvqiHYNlYBZ0RL93n8gg=,Zjta3b4IkrwuiY8JFSsNa2nwdIc=
37,-11,Jnh/QTgzvqiHYNlYBZ0RL93n8gg=,Zjta3b4IkrwuiY8JFSsNa2nwdIc=
36,-11,Jnh/QTgzvqiHYNlYBZ0RL93n8gg=,Zjta3b4IkrwuiY8JFSsNa2nwdIc=
35,-9,Jnh/QTgzvqiHYNlYBZ0RL93n8gg=,Zjta3b4IkrwuiY8JFSsNa2nwdIc=
35,-11,Jnh/QTgzvqiHYNlYBZ0RL93n8gg=,Zjta3b4IkrwuiY8JFSsNa2nwdIc=
36,-10,Jnh/QTgzvqiHYNlYBZ0RL93n8gg=,Zjta3b4IkrwuiY8JFSsNa2nwdIc=
33,-14,Jnh/QTgzvqiHYNlYBZ0RL93n8gg=,Zjta3b4IkrwuiY8JFSsNa2nwdIc=
34,-9,Jnh/QTgzvqiHYNlYBZ0RL93n8gg=,Zjta3b4IkrwuiY8JFSsNa2nwdIc=
38,-2,Jnh/QTgzvqiHYNlYBZ0RL93n8gg=,gZVBbRVuN/GQhh5jwzNeNCQKWyU=
33,-9,Jnh/QTgzvqiHYNlYBZ0RL93n8gg=,Zjta3b4IkrwuiY8JFSsNa2nwdIc=
33,-13,Jnh/QTgzvqiHYNlYBZ0RL93n8gg=,Zjta3b4IkrwuiY8JFSsNa2nwdIc=
38,-12,Jnh/QTgzvqiHYNlYBZ0RL93n8gg=,Zjta3b4IkrwuiY8JFSsNa2nwdIc=
34,-10,Jnh/QTgzvqiHYNlYBZ0RL93n8gg=,Zjta3b4IkrwuiY8JFSsNa2nwdIc=
37,-12,Jnh/QTgzvqiHYNlYBZ0RL93n8gg=,Zjta3b4IkrwuiY8JFSsNa2nwdIc=
33,-15,Jnh/QTgzvqiHYNlYBZ0RL93n8gg=,Zjta3b4IkrwuiY8JFSsNa2nwdIc=
44,-3,Jnh/QTgzvqiHYNlYBZ0RL93n8gg=,TYB+jW+88Wf2j4c+8hqwHrUy+tc=
45,-3,Jnh/QTgzvqiHYNlYBZ0RL93n8gg=,TYB+jW+88Wf2j4c+8hqwHrUy+tc=
43,-3,Jnh/QTgzvqiHYNlYBZ0RL93n8gg=,TYB+jW+88Wf2j4c+8hqwHrUy+tc=
42,-3,Jnh/QTgzvqiHYNlYBZ0RL93n8gg=,TYB+jW+88Wf2j4c+8hqwHrUy+tc=
46,-3,Jnh/QTgzvqiHYNlYBZ0RL93n8gg=,TYB+jW+88Wf2j4c+8hqwHrUy+tc=
41,-3,Jnh/QTgzvqiHYNlYBZ0RL93n8gg=,TYB+jW+88Wf2j4c+8hqwHrUy+tc=
33,-10,Jnh/QTgzvqiHYNlYBZ0RL93n8gg=,Zjta3b4IkrwuiY8JFSsNa2nwdIc=
40,-2,Jnh/QTgzvqiHYNlYBZ0RL93n8gg=,TYB+jW+88Wf2j4c+8hqwHrUy+tc=
38,-15,Jnh/QTgzvqiHYNlYBZ0RL93n8gg=,Zjta3b4IkrwuiY8JFSsNa2nwdIc=
39,-2,Jnh/QTgzvqiHYNlYBZ0RL93n8gg=,gZVBbRVuN/GQhh5jwzNeNCQKWyU=
41,-2,Jnh/QTgzvqiHYNlYBZ0RL93n8gg=,TYB+jW+88Wf2j4c+8hqwHrUy+tc=
40,-3,Jnh/QTgzvqiHYNlYBZ0RL93n8gg=,TYB+jW+88Wf2j4c+8hqwHrUy+tc=
38,-14,Jnh/QTgzvqiHYNlYBZ0RL93n8gg=,Zjta3b4IkrwuiY8JFSsNa2nwdIc=
42,-2,Jnh/QTgzvqiHYNlYBZ0RL93n8gg=,TYB+jW+88Wf2j4c+8hqwHrUy+tc=
39,-3,Jnh/QTgzvqiHYNlYBZ0RL93n8gg=,gZVBbRVuN/GQhh5jwzNeNCQKWyU=
43,-2,Jnh/QTgzvqiHYNlYBZ0RL93n8gg=,TYB+jW+88Wf2j4c+8hqwHrUy+tc=
37,-15,Jnh/QTgzvqiHYNlYBZ0RL93n8gg=,Zjta3b4IkrwuiY8JFSsNa2nwdIc=
44,-2,Jnh/QTgzvqiHYNlYBZ0RL93n8gg=,TYB+jW+88Wf2j4c+8hqwHrUy+tc=
46,-4,Jnh/QTgzvqiHYNlYBZ0RL93n8gg=,TYB+jW+88Wf2j4c+8hqwHrUy+tc=
44,-13,Jnh/QTgzvqiHYNlYBZ0RL93n8gg=,vClZnLwL2B0g9jUYkiGLs27lejQ=
45,-2,Jnh/QTgzvqiHYNlYBZ0RL93n8gg=,TYB+jW+88Wf2j4c+8hqwHrUy+tc=
40,-8,Jnh/QTgzvqiHYNlYBZ0RL93n8gg=,TYB+jW+88Wf2j4c+8hqwHrUy+tc=
36,-2,Jnh/QTgzvqiHYNlYBZ0RL93n8gg=,gZVBbRVuN/GQhh5jwzNeNCQKWyU=
40,-7,Jnh/QTgzvqiHYNlYBZ0RL93n8gg=,TYB+jW+88Wf2j4c+8hqwHrUy+tc=
41,-8,Jnh/QTgzvqiHYNlYBZ0RL93n8gg=,TYB+jW+88Wf2j4c+8hqwHrUy+tc=
45,-4,Jnh/QTgzvqiHYNlYBZ0RL93n8gg=,TYB+jW+88Wf2j4c+8hqwHrUy+tc=
46,-2,Jnh/QTgzvqiHYNlYBZ0RL93n8gg=,TYB+jW+88Wf2j4c+8hqwHrUy+tc=
42,-8,Jnh/QTgzvqiHYNlYBZ0RL93n8gg=,TYB+jW+88Wf2j4c+8hqwHrUy+tc=
38,-10,Jnh/QTgzvqiHYNlYBZ0RL93n8gg=,Zjta3b4IkrwuiY8JFSsNa2nwdIc=
41,-7,Jnh/QTgzvqiHYNlYBZ0RL93n8gg=,TYB+jW+88Wf2j4c+8hqwHrUy+tc=
39,-9,Jnh/QTgzvqiHYNlYBZ0RL93n8gg=,Zjta3b4IkrwuiY8JFSsNa2nwdIc=
35,-2,Jnh/QTgzvqiHYNlYBZ0RL93n8gg=,gZVBbRVuN/GQhh5jwzNeNCQKWyU=
42,-7,Jnh/QTgzvqiHYNlYBZ0RL93n8gg=,TYB+jW+88Wf2j4c+8hqwHrUy+tc=
45,-13,Jnh/QTgzvqiHYNlYBZ0RL93n8gg=,vClZnLwL2B0g9jUYkiGLs27lejQ=
44,-4,Jnh/QTgzvqiHYNlYBZ0RL93n8gg=,TYB+jW+88Wf2j4c+8hqwHrUy+tc=
33,-7,Jnh/QTgzvqiHYNlYBZ0RL93n8gg=,gZVBbRVuN/GQhh5jwzNeNCQKWyU=
39,-7,Jnh/QTgzvqiHYNlYBZ0RL93n8gg=,gZVBbRVuN/GQhh5jwzNeNCQKWyU=
46,-13,Jnh/QTgzvqiHYNlYBZ0RL93n8gg=,vClZnLwL2B0g9jUYkiGLs27lejQ=
39,-4,Jnh/QTgzvqiHYNlYBZ0RL93n8gg=,gZVBbRVuN/GQhh5jwzNeNCQKWyU=
34,-7,Jnh/QTgzvqiHYNlYBZ0RL93n8gg=,gZVBbRVuN/GQhh5jwzNeNCQKWyU=
43,-7,Jnh/QTgzvqiHYNlYBZ0RL93n8gg=,TYB+jW+88Wf2j4c+8hqwHrUy+tc=
43,-8,Jnh/QTgzvqiHYNlYBZ0RL93n8gg=,TYB+jW+88Wf2j4c+8hqwHrUy+tc=
43,-13,Jnh/QTgzvqiHYNlYBZ0RL93n8gg=,vClZnLwL2B0g9jUYkiGLs27lejQ=
35,-7,Jnh/QTgzvqiHYNlYBZ0RL93n8gg=,gZVBbRVuN/GQhh5jwzNeNCQKWyU=
44,-7,Jnh/QTgzvqiHYNlYBZ0RL93n8gg=,TYB+jW+88Wf2j4c+8hqwHrUy+tc=
44,-8,Jnh/QTgzvqiHYNlYBZ0RL93n8gg=,TYB+jW+88Wf2j4c+8hqwHrUy+tc=
43,-4,Jnh/QTgzvqiHYNlYBZ0RL93n8gg=,TYB+jW+88Wf2j4c+8hqwHrUy+tc=
36,-7,Jnh/QTgzvqiHYNlYBZ0RL93n8gg=,gZVBbRVuN/GQhh5jwzNeNCQKWyU=
45,-7,Jnh/QTgzvqiHYNlYBZ0RL93n8gg=,TYB+jW+88Wf2j4c+8hqwHrUy+tc=
39,-8,Jnh/QTgzvqiHYNlYBZ0RL93n8gg=,gZVBbRVuN/GQhh5jwzNeNCQKWyU=
36,-15,Jnh/QTgzvqiHYNlYBZ0RL93n8gg=,Zjta3b4IkrwuiY8JFSsNa2nwdIc=
37,-7,Jnh/QTgzvqiHYNlYBZ0RL93n8gg=,gZVBbRVuN/GQhh5jwzNeNCQKWyU=
46,-7,Jnh/QTgzvqiHYNlYBZ0RL93n8gg=,TYB+jW+88Wf2j4c+8hqwHrUy+tc=
39,-11,Jnh/QTgzvqiHYNlYBZ0RL93n8gg=,Zjta3b4IkrwuiY8JFSsNa2nwdIc=
46,-9,Jnh/QTgzvqiHYNlYBZ0RL93n8gg=,vClZnLwL2B0g9jUYkiGLs27lejQ=
38,-7,Jnh/QTgzvqiHYNlYBZ0RL93n8gg=,gZVBbRVuN/GQhh5jwzNeNCQKWyU=
40,-6,Jnh/QTgzvqiHYNlYBZ0RL93n8gg=,TYB+jW+88Wf2j4c+8hqwHrUy+tc=
45,-8,Jnh/QTgzvqiHYNlYBZ0RL93n8gg=,TYB+jW+88Wf2j4c+8hqwHrUy+tc=
42,-4,Jnh/QTgzvqiHYNlYBZ0RL93n8gg=,TYB+jW+88Wf2j4c+8hqwHrUy+tc=
41,-6,Jnh/QTgzvqiHYNlYBZ0RL93n8gg=,TYB+jW+88Wf2j4c+8hqwHrUy+tc=
46,-8,Jnh/QTgzvqiHYNlYBZ0RL93n8gg=,TYB+jW+88Wf2j4c+8hqwHrUy+tc=
33,-6,Jnh/QTgzvqiHYNlYBZ0RL93n8gg=,gZVBbRVuN/GQhh5jwzNeNCQKWyU=
34,-2,Jnh/QTgzvqiHYNlYBZ0RL93n8gg=,gZVBbRVuN/GQhh5jwzNeNCQKWyU=
42,-6,Jnh/QTgzvqiHYNlYBZ0RL93n8gg=,TYB+jW+88Wf2j4c+8hqwHrUy+tc=
39,-13,Jnh/QTgzvqiHYNlYBZ0RL93n8gg=,Zjta3b4IkrwuiY8JFSsNa2nwdIc=
34,-6,Jnh/QTgzvqiHYNlYBZ0RL93n8gg=,gZVBbRVuN/GQhh5jwzNeNCQKWyU=
45,-9,Jnh/QTgzvqiHYNlYBZ0RL93n8gg=,vClZnLwL2B0g9jUYkiGLs27lejQ=
43,-6,Jnh/QTgzvqiHYNlYBZ0RL93n8gg=,TYB+jW+88Wf2j4c+8hqwHrUy+tc=
35,-6,Jnh/QTgzvqiHYNlYBZ0RL93n8gg=,gZVBbRVuN/GQhh5jwzNeNCQKWyU=
40,-12,Jnh/QTgzvqiHYNlYBZ0RL93n8gg=,vClZnLwL2B0g9jUYkiGLs27lejQ=
41,-4,Jnh/QTgzvqiHYNlYBZ0RL93n8gg=,TYB+jW+88Wf2j4c+8hqwHrUy+tc=
37,-2,Jnh/QTgzvqiHYNlYBZ0RL93n8gg=,gZVBbRVuN/GQhh5jwzNeNCQKWyU=
44,-6,Jnh/QTgzvqiHYNlYBZ0RL93n8gg=,TYB+jW+88Wf2j4c+8hqwHrUy+tc=
39,-14,Jnh/QTgzvqiHYNlYBZ0RL93n8gg=,Zjta3b4IkrwuiY8JFSsNa2nwdIc=
36,-12,Jnh/QTgzvqiHYNlYBZ0RL93n8gg=,Zjta3b4IkrwuiY8JFSsNa2nwdIc=
35,-15,Jnh/QTgzvqiHYNlYBZ0RL93n8gg=,Zjta3b4IkrwuiY8JFSsNa2nwdIc=
45,-6,Jnh/QTgzvqiHYNlYBZ0RL93n8gg=,TYB+jW+88Wf2j4c+8hqwHrUy+tc=
41,-12,Jnh/QTgzvqiHYNlYBZ0RL93n8gg=,vClZnLwL2B0g9jUYkiGLs27lejQ=
40,-4,Jnh/QTgzvqiHYNlYBZ0RL93n8gg=,TYB+jW+88Wf2j4c+8hqwHrUy+tc=
37,-14,Jnh/QTgzvqiHYNlYBZ0RL93n8gg=,Zjta3b4IkrwuiY8JFSsNa2nwdIc=
46,-6,Jnh/QTgzvqiHYNlYBZ0RL93n8gg=,TYB+jW+88Wf2j4c+8hqwHrUy+tc=
42,-12,Jnh/QTgzvqiHYNlYBZ0RL93n8gg=,vClZnLwL2B0g9jUYkiGLs27lejQ=
39,-5,Jnh/QTgzvqiHYNlYBZ0RL93n8gg=,gZVBbRVuN/GQhh5jwzNeNCQKWyU=
39,-6,Jnh/QTgzvqiHYNlYBZ0RL93n8gg=,gZVBbRVuN/GQhh5jwzNeNCQKWyU=
43,-12,Jnh/QTgzvqiHYNlYBZ0RL93n8gg=,vClZnLwL2B0g9jUYkiGLs27lejQ=
33,-2,Jnh/QTgzvqiHYNlYBZ0RL93n8gg=,gZVBbRVuN/GQhh5jwzNeNCQKWyU=
33,-12,Jnh/QTgzvqiHYNlYBZ0RL93n8gg=,Zjta3b4IkrwuiY8JFSsNa2nwdIc=
40,-5,Jnh/QTgzvqiHYNlYBZ0RL93n8gg=,TYB+jW+88Wf2j4c+8hqwHrUy+tc=
45,-5,Jnh/QTgzvqiHYNlYBZ0RL93n8gg=,TYB+jW+88Wf2j4c+8hqwHrUy+tc=
41,-5,Jnh/QTgzvqiHYNlYBZ0RL93n8gg=,TYB+jW+88Wf2j4c+8hqwHrUy+tc=
42,-13,Jnh/QTgzvqiHYNlYBZ0RL93n8gg=,vClZnLwL2B0g9jUYkiGLs27lejQ=
44,-12,Jnh/QTgzvqiHYNlYBZ0RL93n8gg=,vClZnLwL2B0g9jUYkiGLs27lejQ=
46,-5,Jnh/QTgzvqiHYNlYBZ0RL93n8gg=,TYB+jW+88Wf2j4c+8hqwHrUy+tc=
44,-5,Jnh/QTgzvqiHYNlYBZ0RL93n8gg=,TYB+jW+88Wf2j4c+8hqwHrUy+tc=
42,-5,Jnh/QTgzvqiHYNlYBZ0RL93n8gg=,TYB+jW+88Wf2j4c+8hqwHrUy+tc=
43,-5,Jnh/QTgzvqiHYNlYBZ0RL93n8gg=,TYB+jW+88Wf2j4c+8hqwHrUy+tc=
40,-15,Jnh/QTgzvqiHYNlYBZ0RL93n8gg=,vClZnLwL2B0g9jUYkiGLs27lejQ=
41,-13,Jnh/QTgzvqiHYNlYBZ0RL93n8gg=,vClZnLwL2B0g9jUYkiGLs27lejQ=
38,-13,Jnh/QTgzvqiHYNlYBZ0RL93n8gg=,Zjta3b4IkrwuiY8JFSsNa2nwdIc=
45,-12,Jnh/QTgzvqiHYNlYBZ0RL93n8gg=,vClZnLwL2B0g9jUYkiGLs27lejQ=
35,-12,Jnh/QTgzvqiHYNlYBZ0RL93n8gg=,Zjta3b4IkrwuiY8JFSsNa2nwdIc=
37,-13,Jnh/QTgzvqiHYNlYBZ0RL93n8gg=,Zjta3b4IkrwuiY8JFSsNa2nwdIc=
36,-13,Jnh/QTgzvqiHYNlYBZ0RL93n8gg=,Zjta3b4IkrwuiY8JFSsNa2nwdIc=
39,-10,Jnh/QTgzvqiHYNlYBZ0RL93n8gg=,Zjta3b4IkrwuiY8JFSsNa2nwdIc=
38,-3,Jnh/QTgzvqiHYNlYBZ0RL93n8gg=,gZVBbRVuN/GQhh5jwzNeNCQKWyU=
44,-9,Jnh/QTgzvqiHYNlYBZ0RL93n8gg=,vClZnLwL2B0g9jUYkiGLs27lejQ=
35,-13,Jnh/QTgzvqiHYNlYBZ0RL93n8gg=,Zjta3b4IkrwuiY8JFSsNa2nwdIc=
34,-13,Jnh/QTgzvqiHYNlYBZ0RL93n8gg=,Zjta3b4IkrwuiY8JFSsNa2nwdIc=
41,-15,Jnh/QTgzvqiHYNlYBZ0RL93n8gg=,vClZnLwL2B0g9jUYkiGLs27lejQ=
40,-13,Jnh/QTgzvqiHYNlYBZ0RL93n8gg=,vClZnLwL2B0g9jUYkiGLs27lejQ=
34,-11,Jnh/QTgzvqiHYNlYBZ0RL93n8gg=,Zjta3b4IkrwuiY8JFSsNa2nwdIc=
38,-8,Jnh/QTgzvqiHYNlYBZ0RL93n8gg=,gZVBbRVuN/GQhh5jwzNeNCQKWyU=
46,-12,Jnh/QTgzvqiHYNlYBZ0RL93n8gg=,vClZnLwL2B0g9jUYkiGLs27lejQ=
37,-3,Jnh/QTgzvqiHYNlYBZ0RL93n8gg=,gZVBbRVuN/GQhh5jwzNeNCQKWyU=
36,-6,Jnh/QTgzvqiHYNlYBZ0RL93n8gg=,gZVBbRVuN/GQhh5jwzNeNCQKWyU=
42,-15,Jnh/QTgzvqiHYNlYBZ0RL93n8gg=,vClZnLwL2B0g9jUYkiGLs27lejQ=
37,-6,Jnh/QTgzvqiHYNlYBZ0RL93n8gg=,gZVBbRVuN/GQhh5jwzNeNCQKWyU=
40,-11,Jnh/QTgzvqiHYNlYBZ0RL93n8gg=,vClZnLwL2B0g9jUYkiGLs27lejQ=
38,-6,Jnh/QTgzvqiHYNlYBZ0RL93n8gg=,gZVBbRVuN/GQhh5jwzNeNCQKWyU=
41,-11,Jnh/QTgzvqiHYNlYBZ0RL93n8gg=,vClZnLwL2B0g9jUYkiGLs27lejQ=
36,-3,Jnh/QTgzvqiHYNlYBZ0RL93n8gg=,gZVBbRVuN/GQhh5jwzNeNCQKWyU=
33,-5,Jnh/QTgzvqiHYNlYBZ0RL93n8gg=,gZVBbRVuN/GQhh5jwzNeNCQKWyU=
37,-8,Jnh/QTgzvqiHYNlYBZ0RL93n8gg=,gZVBbRVuN/GQhh5jwzNeNCQKWyU=
43,-15,Jnh/QTgzvqiHYNlYBZ0RL93n8gg=,vClZnLwL2B0g9jUYkiGLs27lejQ=
34,-5,Jnh/QTgzvqiHYNlYBZ0RL93n8gg=,gZVBbRVuN/GQhh5jwzNeNCQKWyU=
35,-3,Jnh/QTgzvqiHYNlYBZ0RL93n8gg=,gZVBbRVuN/GQhh5jwzNeNCQKWyU=
36,-8,Jnh/QTgzvqiHYNlYBZ0RL93n8gg=,gZVBbRVuN/GQhh5jwzNeNCQKWyU=
44,-15,Jnh/QTgzvqiHYNlYBZ0RL93n8gg=,vClZnLwL2B0g9jUYkiGLs27lejQ=
35,-5,Jnh/QTgzvqiHYNlYBZ0RL93n8gg=,gZVBbRVuN/GQhh5jwzNeNCQKWyU=
43,-9,Jnh/QTgzvqiHYNlYBZ0RL93n8gg=,vClZnLwL2B0g9jUYkiGLs27lejQ=
35,-8,Jnh/QTgzvqiHYNlYBZ0RL93n8gg=,gZVBbRVuN/GQhh5jwzNeNCQKWyU=
36,-5,Jnh/QTgzvqiHYNlYBZ0RL93n8gg=,gZVBbRVuN/GQhh5jwzNeNCQKWyU=
42,-11,Jnh/QTgzvqiHYNlYBZ0RL93n8gg=,vClZnLwL2B0g9jUYkiGLs27lejQ=
42,-9,Jnh/QTgzvqiHYNlYBZ0RL93n8gg=,vClZnLwL2B0g9jUYkiGLs27lejQ=
38,-11,Jnh/QTgzvqiHYNlYBZ0RL93n8gg=,Zjta3b4IkrwuiY8JFSsNa2nwdIc=
37,-5,Jnh/QTgzvqiHYNlYBZ0RL93n8gg=,gZVBbRVuN/GQhh5jwzNeNCQKWyU=
34,-12,Jnh/QTgzvqiHYNlYBZ0RL93n8gg=,Zjta3b4IkrwuiY8JFSsNa2nwdIc=
43,-11,Jnh/QTgzvqiHYNlYBZ0RL93n8gg=,vClZnLwL2B0g9jUYkiGLs27lejQ=
36,-14,Jnh/QTgzvqiHYNlYBZ0RL93n8gg=,Zjta3b4IkrwuiY8JFSsNa2nwdIc=
38,-5,Jnh/QTgzvqiHYNlYBZ0RL93n8gg=,gZVBbRVuN/GQhh5jwzNeNCQKWyU=
34,-8,Jnh/QTgzvqiHYNlYBZ0RL93n8gg=,gZVBbRVuN/GQhh5jwzNeNCQKWyU=
44,-11,Jnh/QTgzvqiHYNlYBZ0RL93n8gg=,vClZnLwL2B0g9jUYkiGLs27lejQ=
34,-3,Jnh/QTgzvqiHYNlYBZ0RL93n8gg=,gZVBbRVuN/GQhh5jwzNeNCQKWyU=
33,-4,Jnh/QTgzvqiHYNlYBZ0RL93n8gg=,gZVBbRVuN/GQhh5jwzNeNCQKWyU=
35,-14,Jnh/QTgzvqiHYNlYBZ0RL93n8gg=,Zjta3b4IkrwuiY8JFSsNa2nwdIc=
45,-11,Jnh/QTgzvqiHYNlYBZ0RL93n8gg=,vClZnLwL2B0g9jUYkiGLs27lejQ=
33,-8,Jnh/QTgzvqiHYNlYBZ0RL93n8gg=,gZVBbRVuN/GQhh5jwzNeNCQKWyU=
34,-4,Jnh/QTgzvqiHYNlYBZ0RL93n8gg=,gZVBbRVuN/GQhh5jwzNeNCQKWyU=
33,-3,Jnh/QTgzvqiHYNlYBZ0RL93n8gg=,gZVBbRVuN/GQhh5jwzNeNCQKWyU=
46,-11,Jnh/QTgzvqiHYNlYBZ0RL93n8gg=,vClZnLwL2B0g9jUYkiGLs27lejQ=
41,-9,Jnh/QTgzvqiHYNlYBZ0RL93n8gg=,vClZnLwL2B0g9jUYkiGLs27lejQ=
35,-4,Jnh/QTgzvqiHYNlYBZ0RL93n8gg=,gZVBbRVuN/GQhh5jwzNeNCQKWyU=
40,-9,Jnh/QTgzvqiHYNlYBZ0RL93n8gg=,vClZnLwL2B0g9jUYkiGLs27lejQ=
39,-15,Jnh/QTgzvqiHYNlYBZ0RL93n8gg=,Zjta3b4IkrwuiY8JFSsNa2nwdIc=
39,-12,Jnh/QTgzvqiHYNlYBZ0RL93n8gg=,Zjta3b4IkrwuiY8JFSsNa2nwdIc=
36,-4,Jnh/QTgzvqiHYNlYBZ0RL93n8gg=,gZVBbRVuN/GQhh5jwzNeNCQKWyU=
33,-11,Jnh/QTgzvqiHYNlYBZ0RL93n8gg=,Zjta3b4IkrwuiY8JFSsNa2nwdIc=
45,-15,Jnh/QTgzvqiHYNlYBZ0RL93n8gg=,vClZnLwL2B0g9jUYkiGLs27lejQ=
46,-14,Jnh/QTgzvqiHYNlYBZ0RL93n8gg=,vClZnLwL2B0g9jUYkiGLs27lejQ=
37,-4,Jnh/QTgzvqiHYNlYBZ0RL93n8gg=,gZVBbRVuN/GQhh5jwzNeNCQKWyU=
38,-4,Jnh/QTgzvqiHYNlYBZ0RL93n8gg=,gZVBbRVuN/GQhh5jwzNeNCQKWyU=
46,-15,Jnh/QTgzvqiHYNlYBZ0RL93n8gg=,vClZnLwL2B0g9jUYkiGLs27lejQ=
45,-14,Jnh/QTgzvqiHYNlYBZ0RL93n8gg=,vClZnLwL2B0g9jUYkiGLs27lejQ=
44,-14,Jnh/QTgzvqiHYNlYBZ0RL93n8gg=,vClZnLwL2B0g9jUYkiGLs27lejQ=
43,-14,Jnh/QTgzvqiHYNlYBZ0RL93n8gg=,vClZnLwL2B0g9jUYkiGLs27lejQ=
40,-10,Jnh/QTgzvqiHYNlYBZ0RL93n8gg=,vClZnLwL2B0g9jUYkiGLs27lejQ=
38,-9,Jnh/QTgzvqiHYNlYBZ0RL93n8gg=,Zjta3b4IkrwuiY8JFSsNa2nwdIc=
37,-9,Jnh/QTgzvqiHYNlYBZ0RL93n8gg=,Zjta3b4IkrwuiY8JFSsNa2nwdIc=
46,-10,Jnh/QTgzvqiHYNlYBZ0RL93n8gg=,vClZnLwL2B0g9jUYkiGLs27lejQ=
41,-10,Jnh/QTgzvqiHYNlYBZ0RL93n8gg=,vClZnLwL2B0g9jUYkiGLs27lejQ=
42,-14,Jnh/QTgzvqiHYNlYBZ0RL93n8gg=,vClZnLwL2B0g9jUYkiGLs27lejQ=
36,-9,Jnh/QTgzvqiHYNlYBZ0RL93n8gg=,Zjta3b4IkrwuiY8JFSsNa2nwdIc=
41,-14,Jnh/QTgzvqiHYNlYBZ0RL93n8gg=,vClZnLwL2B0g9jUYkiGLs27lejQ=
34,-14,Jnh/QTgzvqiHYNlYBZ0RL93n8gg=,Zjta3b4IkrwuiY8JFSsNa2nwdIc=
42,-10,Jnh/QTgzvqiHYNlYBZ0RL93n8gg=,vClZnLwL2B0g9jUYkiGLs27lejQ=
40,-14,Jnh/QTgzvqiHYNlYBZ0RL93n8gg=,vClZnLwL2B0g9jUYkiGLs27lejQ=
45,-10,Jnh/QTgzvqiHYNlYBZ0RL93n8gg=,vClZnLwL2B0g9jUYkiGLs27lejQ=
44,-10,Jnh/QTgzvqiHYNlYBZ0RL93n8gg=,vClZnLwL2B0g9jUYkiGLs27lejQ=
35,-10,Jnh/QTgzvqiHYNlYBZ0RL93n8gg=,Zjta3b4IkrwuiY8JFSsNa2nwdIc=
43,-10,Jnh/QTgzvqiHYNlYBZ0RL93n8gg=,vClZnLwL2B0g9jUYkiGLs27lejQ=
36,-1,Jnh/QTgzvqiHYNlYBZ0RL93n8gg=,gZVBbRVuN/GQhh5jwzNeNCQKWyU=
35,-1,Jnh/QTgzvqiHYNlYBZ0RL93n8gg=,gZVBbRVuN/GQhh5jwzNeNCQKWyU=
37,-1,Jnh/QTgzvqiHYNlYBZ0RL93n8gg=,gZVBbRVuN/GQhh5jwzNeNCQKWyU=
34,-1,Jnh/QTgzvqiHYNlYBZ0RL93n8gg=,gZVBbRVuN/GQhh5jwzNeNCQKWyU=
38,-1,Jnh/QTgzvqiHYNlYBZ0RL93n8gg=,gZVBbRVuN/GQhh5jwzNeNCQKWyU=
33,-1,Jnh/QTgzvqiHYNlYBZ0RL93n8gg=,gZVBbRVuN/GQhh5jwzNeNCQKWyU=
47,-3,Jnh/QTgzvqiHYNlYBZ0RL93n8gg=,TYB+jW+88Wf2j4c+8hqwHrUy+tc=
47,-2,Jnh/QTgzvqiHYNlYBZ0RL93n8gg=,TYB+jW+88Wf2j4c+8hqwHrUy+tc=
39,-1,Jnh/QTgzvqiHYNlYBZ0RL93n8gg=,gZVBbRVuN/GQhh5jwzNeNCQKWyU=
47,-7,Jnh/QTgzvqiHYNlYBZ0RL93n8gg=,TYB+jW+88Wf2j4c+8hqwHrUy+tc=
47,-8,Jnh/QTgzvqiHYNlYBZ0RL93n8gg=,TYB+jW+88Wf2j4c+8hqwHrUy+tc=
40,-1,Jnh/QTgzvqiHYNlYBZ0RL93n8gg=,TYB+jW+88Wf2j4c+8hqwHrUy+tc=
47,-6,Jnh/QTgzvqiHYNlYBZ0RL93n8gg=,TYB+jW+88Wf2j4c+8hqwHrUy+tc=
41,-1,Jnh/QTgzvqiHYNlYBZ0RL93n8gg=,TYB+jW+88Wf2j4c+8hqwHrUy+tc=
47,-13,Jnh/QTgzvqiHYNlYBZ0RL93n8gg=,vClZnLwL2B0g9jUYkiGLs27lejQ=
47,-5,Jnh/QTgzvqiHYNlYBZ0RL93n8gg=,TYB+jW+88Wf2j4c+8hqwHrUy+tc=
42,-1,Jnh/QTgzvqiHYNlYBZ0RL93n8gg=,TYB+jW+88Wf2j4c+8hqwHrUy+tc=
47,-12,Jnh/QTgzvqiHYNlYBZ0RL93n8gg=,vClZnLwL2B0g9jUYkiGLs27lejQ=
47,-4,Jnh/QTgzvqiHYNlYBZ0RL93n8gg=,TYB+jW+88Wf2j4c+8hqwHrUy+tc=
43,-1,Jnh/QTgzvqiHYNlYBZ0RL93n8gg=,TYB+jW+88Wf2j4c+8hqwHrUy+tc=
47,-11,Jnh/QTgzvqiHYNlYBZ0RL93n8gg=,vClZnLwL2B0g9jUYkiGLs27lejQ=
44,-1,Jnh/QTgzvqiHYNlYBZ0RL93n8gg=,TYB+jW+88Wf2j4c+8hqwHrUy+tc=
47,-15,Jnh/QTgzvqiHYNlYBZ0RL93n8gg=,vClZnLwL2B0g9jUYkiGLs27lejQ=
32,-7,Jnh/QTgzvqiHYNlYBZ0RL93n8gg=,gZVBbRVuN/GQhh5jwzNeNCQKWyU=
45,-1,Jnh/QTgzvqiHYNlYBZ0RL93n8gg=,TYB+jW+88Wf2j4c+8hqwHrUy+tc=
47,-10,Jnh/QTgzvqiHYNlYBZ0RL93n8gg=,vClZnLwL2B0g9jUYkiGLs27lejQ=
32,-6,Jnh/QTgzvqiHYNlYBZ0RL93n8gg=,gZVBbRVuN/GQhh5jwzNeNCQKWyU=
46,-1,Jnh/QTgzvqiHYNlYBZ0RL93n8gg=,TYB+jW+88Wf2j4c+8hqwHrUy+tc=
47,-14,Jnh/QTgzvqiHYNlYBZ0RL93n8gg=,vClZnLwL2B0g9jUYkiGLs27lejQ=
32,-5,Jnh/QTgzvqiHYNlYBZ0RL93n8gg=,gZVBbRVuN/GQhh5jwzNeNCQKWyU=
47,-9,Jnh/QTgzvqiHYNlYBZ0RL93n8gg=,vClZnLwL2B0g9jUYkiGLs27lejQ=
32,-4,Jnh/QTgzvqiHYNlYBZ0RL93n8gg=,gZVBbRVuN/GQhh5jwzNeNCQKWyU=
32,-2,Jnh/QTgzvqiHYNlYBZ0RL93n8gg=,gZVBbRVuN/GQhh5jwzNeNCQKWyU=
32,-3,Jnh/QTgzvqiHYNlYBZ0RL93n8gg=,gZVBbRVuN/GQhh5jwzNeNCQKWyU=
32,-11,Jnh/QTgzvqiHYNlYBZ0RL93n8gg=,Zjta3b4IkrwuiY8JFSsNa2nwdIc=
41,-16,Jnh/QTgzvqiHYNlYBZ0RL93n8gg=,vClZnLwL2B0g9jUYkiGLs27lejQ=
32,-8,Jnh/QTgzvqiHYNlYBZ0RL93n8gg=,gZVBbRVuN/GQhh5jwzNeNCQKWyU=
32,-12,Jnh/QTgzvqiHYNlYBZ0RL93n8gg=,Zjta3b4IkrwuiY8JFSsNa2nwdIc=
42,-16,Jnh/QTgzvqiHYNlYBZ0RL93n8gg=,vClZnLwL2B0g9jUYkiGLs27lejQ=
32,-14,Jnh/QTgzvqiHYNlYBZ0RL93n8gg=,Zjta3b4IkrwuiY8JFSsNa2nwdIc=
43,-16,Jnh/QTgzvqiHYNlYBZ0RL93n8gg=,vClZnLwL2B0g9jUYkiGLs27lejQ=
34,-16,Jnh/QTgzvqiHYNlYBZ0RL93n8gg=,Zjta3b4IkrwuiY8JFSsNa2nwdIc=
32,-10,Jnh/QTgzvqiHYNlYBZ0RL93n8gg=,Zjta3b4IkrwuiY8JFSsNa2nwdIc=
44,-16,Jnh/QTgzvqiHYNlYBZ0RL93n8gg=,vClZnLwL2B0g9jUYkiGLs27lejQ=
35,-16,Jnh/QTgzvqiHYNlYBZ0RL93n8gg=,Zjta3b4IkrwuiY8JFSsNa2nwdIc=
32,-15,Jnh/QTgzvqiHYNlYBZ0RL93n8gg=,Zjta3b4IkrwuiY8JFSsNa2nwdIc=
47,-16,Jnh/QTgzvqiHYNlYBZ0RL93n8gg=,vClZnLwL2B0g9jUYkiGLs27lejQ=
45,-16,Jnh/QTgzvqiHYNlYBZ0RL93n8gg=,vClZnLwL2B0g9jUYkiGLs27lejQ=
36,-16,Jnh/QTgzvqiHYNlYBZ0RL93n8gg=,Zjta3b4IkrwuiY8JFSsNa2nwdIc=
32,-13,Jnh/QTgzvqiHYNlYBZ0RL93n8gg=,Zjta3b4IkrwuiY8JFSsNa2nwdIc=
32,-16,Jnh/QTgzvqiHYNlYBZ0RL93n8gg=,Zjta3b4IkrwuiY8JFSsNa2nwdIc=
46,-16,Jnh/QTgzvqiHYNlYBZ0RL93n8gg=,vClZnLwL2B0g9jUYkiGLs27lejQ=
37,-16,Jnh/QTgzvqiHYNlYBZ0RL93n8gg=,Zjta3b4IkrwuiY8JFSsNa2nwdIc=
32,-9,Jnh/QTgzvqiHYNlYBZ0RL93n8gg=,Zjta3b4IkrwuiY8JFSsNa2nwdIc=
47,-1,Jnh/QTgzvqiHYNlYBZ0RL93n8gg=,TYB+jW+88Wf2j4c+8hqwHrUy+tc=
38,-16,Jnh/QTgzvqiHYNlYBZ0RL93n8gg=,Zjta3b4IkrwuiY8JFSsNa2nwdIc=
32,-1,Jnh/QTgzvqiHYNlYBZ0RL93n8gg=,gZVBbRVuN/GQhh5jwzNeNCQKWyU=
33,-16,Jnh/QTgzvqiHYNlYBZ0RL93n8gg=,Zjta3b4IkrwuiY8JFSsNa2nwdIc=
40,-16,Jnh/QTgzvqiHYNlYBZ0RL93n8gg=,vClZnLwL2B0g9jUYkiGLs27lejQ=
39,-16,Jnh/QTgzvqiHYNlYBZ0RL93n8gg=,Zjta3b4IkrwuiY8JFSsNa2nwdIc=
58,-3,Z/P0WME/rvrbJ4zG0vuNF16Tslw=,dRjDBM7Z8wZ9+IRuptPLOvPsBus=
52,-11,Z/P0WME/rvrbJ4zG0vuNF16Tslw=,7+CFjUPickR7CsI109zs5SosUX8=
59,-6,eQDAzcUJIsG9LtoV2kGEcvTQwZk=,dRjDBM7Z8wZ9+IRuptPLOvPsBus=
59,-7,yu0VFfmIhuyoNUIIgVskJjkSJ5c=,dRjDBM7Z8wZ9+IRuptPLOvPsBus=
53,-11,yu0VFfmIhuyoNUIIgVskJjkSJ5c=,7+CFjUPickR7CsI109zs5SosUX8=
61,-2,yu0VFfmIhuyoNUIIgVskJjkSJ5c=,dRjDBM7Z8wZ9+IRuptPLOvPsBus=
60,-2,yu0VFfmIhuyoNUIIgVskJjkSJ5c=,dRjDBM7Z8wZ9+IRuptPLOvPsBus=
54,-11,yu0VFfmIhuyoNUIIgVskJjkSJ5c=,7+CFjUPickR7CsI109zs5SosUX8=
59,-2,yu0VFfmIhuyoNUIIgVskJjkSJ5c=,dRjDBM7Z8wZ9+IRuptPLOvPsBus=
58,-2,yu0VFfmIhuyoNUIIgVskJjkSJ5c=,dRjDBM7Z8wZ9+IRuptPLOvPsBus=
49,-10,yu0VFfmIhuyoNUIIgVskJjkSJ5c=,7+CFjUPickR7CsI109zs5SosUX8=
57,-2,yu0VFfmIhuyoNUIIgVskJjkSJ5c=,dRjDBM7Z8wZ9+IRuptPLOvPsBus=
57,-3,yu0VFfmIhuyoNUIIgVskJjkSJ5c=,dRjDBM7Z8wZ9+IRuptPLOvPsBus=
51,-11,yu0VFfmIhuyoNUIIgVskJjkSJ5c=,7+CFjUPickR7CsI109zs5SosUX8=
50,-10,yu0VFfmIhuyoNUIIgVskJjkSJ5c=,7+CFjUPickR7CsI109zs5SosUX8=
58,-6,yu0VFfmIhuyoNUIIgVskJjkSJ5c=,dRjDBM7Z8wZ9+IRuptPLOvPsBus=
51,-10,yu0VFfmIhuyoNUIIgVskJjkSJ5c=,7+CFjUPickR7CsI109zs5SosUX8=
52,-10,yu0VFfmIhuyoNUIIgVskJjkSJ5c=,7+CFjUPickR7CsI109zs5SosUX8=
53,-10,yu0VFfmIhuyoNUIIgVskJjkSJ5c=,7+CFjUPickR7CsI109zs5SosUX8=
62,-5,yu0VFfmIhuyoNUIIgVskJjkSJ5c=,dRjDBM7Z8wZ9+IRuptPLOvPsBus=
57,-4,yu0VFfmIhuyoNUIIgVskJjkSJ5c=,dRjDBM7Z8wZ9+IRuptPLOvPsBus=
54,-10,yu0VFfmIhuyoNUIIgVskJjkSJ5c=,7+CFjUPickR7CsI109zs5SosUX8=
50,-11,yu0VFfmIhuyoNUIIgVskJjkSJ5c=,7+CFjUPickR7CsI109zs5SosUX8=
61,-5,yu0VFfmIhuyoNUIIgVskJjkSJ5c=,dRjDBM7Z8wZ9+IRuptPLOvPsBus=
49,-15,yu0VFfmIhuyoNUIIgVskJjkSJ5c=,7+CFjUPickR7CsI109zs5SosUX8=
49,-11,yu0VFfmIhuyoNUIIgVskJjkSJ5c=,7+CFjUPickR7CsI109zs5SosUX8=
60,-5,yu0VFfmIhuyoNUIIgVskJjkSJ5c=,dRjDBM7Z8wZ9+IRuptPLOvPsBus=
50,-15,yu0VFfmIhuyoNUIIgVskJjkSJ5c=,7+CFjUPickR7CsI109zs5SosUX8=
59,-5,yu0VFfmIhuyoNUIIgVskJjkSJ5c=,dRjDBM7Z8wZ9+IRuptPLOvPsBus=
58,-7,yu0VFfmIhuyoNUIIgVskJjkSJ5c=,dRjDBM7Z8wZ9+IRuptPLOvPsBus=
51,-15,yu0VFfmIhuyoNUIIgVskJjkSJ5c=,7+CFjUPickR7CsI109zs5SosUX8=
57,-7,yu0VFfmIhuyoNUIIgVskJjkSJ5c=,dRjDBM7Z8wZ9+IRuptPLOvPsBus=
58,-5,yu0VFfmIhuyoNUIIgVskJjkSJ5c=,dRjDBM7Z8wZ9+IRuptPLOvPsBus=
52,-15,yu0VFfmIhuyoNUIIgVskJjkSJ5c=,7+CFjUPickR7CsI109zs5SosUX8=
54,-12,yu0VFfmIhuyoNUIIgVskJjkSJ5c=,7+CFjUPickR7CsI109zs5SosUX8=
57,-6,yu0VFfmIhuyoNUIIgVskJjkSJ5c=,dRjDBM7Z8wZ9+IRuptPLOvPsBus=
53,-15,yu0VFfmIhuyoNUIIgVskJjkSJ5c=,7+CFjUPickR7CsI109zs5SosUX8=
62,-4,yu0VFfmIhuyoNUIIgVskJjkSJ5c=,dRjDBM7Z8wZ9+IRuptPLOvPsBus=
61,-4,yu0VFfmIhuyoNUIIgVskJjkSJ5c=,dRjDBM7Z8wZ9+IRuptPLOvPsBus=
54,-15,yu0VFfmIhuyoNUIIgVskJjkSJ5c=,7+CFjUPickR7CsI109zs5SosUX8=
60,-4,yu0VFfmIhuyoNUIIgVskJjkSJ5c=,dRjDBM7Z8wZ9+IRuptPLOvPsBus=
57,-5,yu0VFfmIhuyoNUIIgVskJjkSJ5c=,dRjDBM7Z8wZ9+IRuptPLOvPsBus=
49,-14,yu0VFfmIhuyoNUIIgVskJjkSJ5c=,7+CFjUPickR7CsI109zs5SosUX8=
62,-6,yu0VFfmIhuyoNUIIgVskJjkSJ5c=,dRjDBM7Z8wZ9+IRuptPLOvPsBus=
61,-6,yu0VFfmIhuyoNUIIgVskJjkSJ5c=,dRjDBM7Z8wZ9+IRuptPLOvPsBus=
50,-14,yu0VFfmIhuyoNUIIgVskJjkSJ5c=,7+CFjUPickR7CsI109zs5SosUX8=
60,-6,yu0VFfmIhuyoNUIIgVskJjkSJ5c=,dRjDBM7Z8wZ9+IRuptPLOvPsBus=
62,-3,yu0VFfmIhuyoNUIIgVskJjkSJ5c=,dRjDBM7Z8wZ9+IRuptPLOvPsBus=
51,-14,yu0VFfmIhuyoNUIIgVskJjkSJ5c=,7+CFjUPickR7CsI109zs5SosUX8=
62,-7,yu0VFfmIhuyoNUIIgVskJjkSJ5c=,dRjDBM7Z8wZ9+IRuptPLOvPsBus=
52,-14,yu0VFfmIhuyoNUIIgVskJjkSJ5c=,7+CFjUPickR7CsI109zs5SosUX8=
61,-3,yu0VFfmIhuyoNUIIgVskJjkSJ5c=,dRjDBM7Z8wZ9+IRuptPLOvPsBus=
59,-4,yu0VFfmIhuyoNUIIgVskJjkSJ5c=,dRjDBM7Z8wZ9+IRuptPLOvPsBus=
53,-14,yu0VFfmIhuyoNUIIgVskJjkSJ5c=,7+CFjUPickR7CsI109zs5SosUX8=
58,-4,yu0VFfmIhuyoNUIIgVskJjkSJ5c=,dRjDBM7Z8wZ9+IRuptPLOvPsBus=
54,-14,yu0VFfmIhuyoNUIIgVskJjkSJ5c=,7+CFjUPickR7CsI109zs5SosUX8=
49,-13,yu0VFfmIhuyoNUIIgVskJjkSJ5c=,7+CFjUPickR7CsI109zs5SosUX8=
50,-13,yu0VFfmIhuyoNUIIgVskJjkSJ5c=,7+CFjUPickR7CsI109zs5SosUX8=
61,-7,yu0VFfmIhuyoNUIIgVskJjkSJ5c=,dRjDBM7Z8wZ9+IRuptPLOvPsBus=
51,-13,yu0VFfmIhuyoNUIIgVskJjkSJ5c=,7+CFjUPickR7CsI109zs5SosUX8=
60,-3,yu0VFfmIhuyoNUIIgVskJjkSJ5c=,dRjDBM7Z8wZ9+IRuptPLOvPsBus=
52,-13,yu0VFfmIhuyoNUIIgVskJjkSJ5c=,7+CFjUPickR7CsI109zs5SosUX8=
60,-7,yu0VFfmIhuyoNUIIgVskJjkSJ5c=,dRjDBM7Z8wZ9+IRuptPLOvPsBus=
53,-13,yu0VFfmIhuyoNUIIgVskJjkSJ5c=,7+CFjUPickR7CsI109zs5SosUX8=
54,-13,yu0VFfmIhuyoNUIIgVskJjkSJ5c=,7+CFjUPickR7CsI109zs5SosUX8=
49,-12,yu0VFfmIhuyoNUIIgVskJjkSJ5c=,7+CFjUPickR7CsI109zs5SosUX8=
62,-2,yu0VFfmIhuyoNUIIgVskJjkSJ5c=,dRjDBM7Z8wZ9+IRuptPLOvPsBus=
59,-3,yu0VFfmIhuyoNUIIgVskJjkSJ5c=,dRjDBM7Z8wZ9+IRuptPLOvPsBus=
50,-12,yu0VFfmIhuyoNUIIgVskJjkSJ5c=,7+CFjUPickR7CsI109zs5SosUX8=
53,-12,yu0VFfmIhuyoNUIIgVskJjkSJ5c=,7+CFjUPickR7CsI109zs5SosUX8=
51,-12,yu0VFfmIhuyoNUIIgVskJjkSJ5c=,7+CFjUPickR7CsI109zs5SosUX8=
52,-12,yu0VFfmIhuyoNUIIgVskJjkSJ5c=,7+CFjUPickR7CsI109zs5SosUX8=
59,-9,yu0VFfmIhuyoNUIIgVskJjkSJ5c=,7+CFjUPickR7CsI109zs5SosUX8=
60,-9,yu0VFfmIhuyoNUIIgVskJjkSJ5c=,7+CFjUPickR7CsI109zs5SosUX8=
56,-15,yu0VFfmIhuyoNUIIgVskJjkSJ5c=,7+CFjUPickR7CsI109zs5SosUX8=
57,-15,yu0VFfmIhuyoNUIIgVskJjkSJ5c=,7+CFjUPickR7CsI109zs5SosUX8=
61,-9,yu0VFfmIhuyoNUIIgVskJjkSJ5c=,7+CFjUPickR7CsI109zs5SosUX8=
57,-8,yu0VFfmIhuyoNUIIgVskJjkSJ5c=,dRjDBM7Z8wZ9+IRuptPLOvPsBus=
58,-15,yu0VFfmIhuyoNUIIgVskJjkSJ5c=,7+CFjUPickR7CsI109zs5SosUX8=
59,-15,yu0VFfmIhuyoNUIIgVskJjkSJ5c=,7+CFjUPickR7CsI109zs5SosUX8=
58,-9,yu0VFfmIhuyoNUIIgVskJjkSJ5c=,7+CFjUPickR7CsI109zs5SosUX8=
57,-9,yu0VFfmIhuyoNUIIgVskJjkSJ5c=,7+CFjUPickR7CsI109zs5SosUX8=
62,-9,yu0VFfmIhuyoNUIIgVskJjkSJ5c=,7+CFjUPickR7CsI109zs5SosUX8=
62,-10,yu0VFfmIhuyoNUIIgVskJjkSJ5c=,7+CFjUPickR7CsI109zs5SosUX8=
61,-10,yu0VFfmIhuyoNUIIgVskJjkSJ5c=,7+CFjUPickR7CsI109zs5SosUX8=
60,-10,yu0VFfmIhuyoNUIIgVskJjkSJ5c=,7+CFjUPickR7CsI109zs5SosUX8=
55,-11,yu0VFfmIhuyoNUIIgVskJjkSJ5c=,7+CFjUPickR7CsI109zs5SosUX8=
59,-10,yu0VFfmIhuyoNUIIgVskJjkSJ5c=,7+CFjUPickR7CsI109zs5SosUX8=
59,-8,yu0VFfmIhuyoNUIIgVskJjkSJ5c=,dRjDBM7Z8wZ9+IRuptPLOvPsBus=
58,-10,yu0VFfmIhuyoNUIIgVskJjkSJ5c=,7+CFjUPickR7CsI109zs5SosUX8=
60,-15,yu0VFfmIhuyoNUIIgVskJjkSJ5c=,7+CFjUPickR7CsI109zs5SosUX8=
55,-12,yu0VFfmIhuyoNUIIgVskJjkSJ5c=,7+CFjUPickR7CsI109zs5SosUX8=
57,-10,yu0VFfmIhuyoNUIIgVskJjkSJ5c=,7+CFjUPickR7CsI109zs5SosUX8=
56,-10,yu0VFfmIhuyoNUIIgVskJjkSJ5c=,7+CFjUPickR7CsI109zs5SosUX8=
61,-15,yu0VFfmIhuyoNUIIgVskJjkSJ5c=,7+CFjUPickR7CsI109zs5SosUX8=
62,-11,yu0VFfmIhuyoNUIIgVskJjkSJ5c=,7+CFjUPickR7CsI109zs5SosUX8=
55,-13,yu0VFfmIhuyoNUIIgVskJjkSJ5c=,7+CFjUPickR7CsI109zs5SosUX8=
58,-8,yu0VFfmIhuyoNUIIgVskJjkSJ5c=,dRjDBM7Z8wZ9+IRuptPLOvPsBus=
62,-15,yu0VFfmIhuyoNUIIgVskJjkSJ5c=,7+CFjUPickR7CsI109zs5SosUX8=
61,-11,yu0VFfmIhuyoNUIIgVskJjkSJ5c=,7+CFjUPickR7CsI109zs5SosUX8=
55,-14,yu0VFfmIhuyoNUIIgVskJjkSJ5c=,7+CFjUPickR7CsI109zs5SosUX8=
55,-10,yu0VFfmIhuyoNUIIgVskJjkSJ5c=,7+CFjUPickR7CsI109zs5SosUX8=
60,-11,yu0VFfmIhuyoNUIIgVskJjkSJ5c=,7+CFjUPickR7CsI109zs5SosUX8=
59,-11,yu0VFfmIhuyoNUIIgVskJjkSJ5c=,7+CFjUPickR7CsI109zs5SosUX8=
58,-11,yu0VFfmIhuyoNUIIgVskJjkSJ5c=,7+CFjUPickR7CsI109zs5SosUX8=
57,-11,yu0VFfmIhuyoNUIIgVskJjkSJ5c=,7+CFjUPickR7CsI109zs5SosUX8=
56,-14,yu0VFfmIhuyoNUIIgVskJjkSJ5c=,7+CFjUPickR7CsI109zs5SosUX8=
56,-11,yu0VFfmIhuyoNUIIgVskJjkSJ5c=,7+CFjUPickR7CsI109zs5SosUX8=
62,-12,yu0VFfmIhuyoNUIIgVskJjkSJ5c=,7+CFjUPickR7CsI109zs5SosUX8=
61,-12,yu0VFfmIhuyoNUIIgVskJjkSJ5c=,7+CFjUPickR7CsI109zs5SosUX8=
57,-14,yu0VFfmIhuyoNUIIgVskJjkSJ5c=,7+CFjUPickR7CsI109zs5SosUX8=
62,-8,yu0VFfmIhuyoNUIIgVskJjkSJ5c=,dRjDBM7Z8wZ9+IRuptPLOvPsBus=
55,-15,yu0VFfmIhuyoNUIIgVskJjkSJ5c=,7+CFjUPickR7CsI109zs5SosUX8=
60,-12,yu0VFfmIhuyoNUIIgVskJjkSJ5c=,7+CFjUPickR7CsI109zs5SosUX8=
58,-14,yu0VFfmIhuyoNUIIgVskJjkSJ5c=,7+CFjUPickR7CsI109zs5SosUX8=
61,-8,yu0VFfmIhuyoNUIIgVskJjkSJ5c=,dRjDBM7Z8wZ9+IRuptPLOvPsBus=
60,-8,yu0VFfmIhuyoNUIIgVskJjkSJ5c=,dRjDBM7Z8wZ9+IRuptPLOvPsBus=
59,-12,yu0VFfmIhuyoNUIIgVskJjkSJ5c=,7+CFjUPickR7CsI109zs5SosUX8=
59,-14,yu0VFfmIhuyoNUIIgVskJjkSJ5c=,7+CFjUPickR7CsI109zs5SosUX8=
58,-12,yu0VFfmIhuyoNUIIgVskJjkSJ5c=,7+CFjUPickR7CsI109zs5SosUX8=
57,-12,yu0VFfmIhuyoNUIIgVskJjkSJ5c=,7+CFjUPickR7CsI109zs5SosUX8=
56,-12,yu0VFfmIhuyoNUIIgVskJjkSJ5c=,7+CFjUPickR7CsI109zs5SosUX8=
60,-14,yu0VFfmIhuyoNUIIgVskJjkSJ5c=,7+CFjUPickR7CsI109zs5SosUX8=
62,-13,yu0VFfmIhuyoNUIIgVskJjkSJ5c=,7+CFjUPickR7CsI109zs5SosUX8=
61,-13,yu0VFfmIhuyoNUIIgVskJjkSJ5c=,7+CFjUPickR7CsI109zs5SosUX8=
60,-13,yu0VFfmIhuyoNUIIgVskJjkSJ5c=,7+CFjUPickR7CsI109zs5SosUX8=
61,-14,yu0VFfmIhuyoNUIIgVskJjkSJ5c=,7+CFjUPickR7CsI109zs5SosUX8=
59,-13,yu0VFfmIhuyoNUIIgVskJjkSJ5c=,7+CFjUPickR7CsI109zs5SosUX8=
62,-14,yu0VFfmIhuyoNUIIgVskJjkSJ5c=,7+CFjUPickR7CsI109zs5SosUX8=
57,-13,yu0VFfmIhuyoNUIIgVskJjkSJ5c=,7+CFjUPickR7CsI109zs5SosUX8=
56,-13,yu0VFfmIhuyoNUIIgVskJjkSJ5c=,7+CFjUPickR7CsI109zs5SosUX8=
58,-13,yu0VFfmIhuyoNUIIgVskJjkSJ5c=,7+CFjUPickR7CsI109zs5SosUX8=
63,-15,yu0VFfmIhuyoNUIIgVskJjkSJ5c=,7+CFjUPickR7CsI109zs5SosUX8=
63,-9,yu0VFfmIhuyoNUIIgVskJjkSJ5c=,7+CFjUPickR7CsI109zs5SosUX8=
63,-14,yu0VFfmIhuyoNUIIgVskJjkSJ5c=,7+CFjUPickR7CsI109zs5SosUX8=
63,-2,yu0VFfmIhuyoNUIIgVskJjkSJ5c=,dRjDBM7Z8wZ9+IRuptPLOvPsBus=
63,-13,yu0VFfmIhuyoNUIIgVskJjkSJ5c=,7+CFjUPickR7CsI109zs5SosUX8=
63,-12,yu0VFfmIhuyoNUIIgVskJjkSJ5c=,7+CFjUPickR7CsI109zs5SosUX8=
63,-6,yu0VFfmIhuyoNUIIgVskJjkSJ5c=,dRjDBM7Z8wZ9+IRuptPLOvPsBus=
63,-11,yu0VFfmIhuyoNUIIgVskJjkSJ5c=,7+CFjUPickR7CsI109zs5SosUX8=
63,-7,yu0VFfmIhuyoNUIIgVskJjkSJ5c=,dRjDBM7Z8wZ9+IRuptPLOvPsBus=
63,-10,yu0VFfmIhuyoNUIIgVskJjkSJ5c=,7+CFjUPickR7CsI109zs5SosUX8=
63,-3,yu0VFfmIhuyoNUIIgVskJjkSJ5c=,dRjDBM7Z8wZ9+IRuptPLOvPsBus=
63,-8,yu0VFfmIhuyoNUIIgVskJjkSJ5c=,dRjDBM7Z8wZ9+IRuptPLOvPsBus=
60,-1,yu0VFfmIhuyoNUIIgVskJjkSJ5c=,dRjDBM7Z8wZ9+IRuptPLOvPsBus=
63,-4,yu0VFfmIhuyoNUIIgVskJjkSJ5c=,dRjDBM7Z8wZ9+IRuptPLOvPsBus=
61,-1,yu0VFfmIhuyoNUIIgVskJjkSJ5c=,dRjDBM7Z8wZ9+IRuptPLOvPsBus=
63,-5,yu0VFfmIhuyoNUIIgVskJjkSJ5c=,dRjDBM7Z8wZ9+IRuptPLOvPsBus=
62,-1,yu0VFfmIhuyoNUIIgVskJjkSJ5c=,dRjDBM7Z8wZ9+IRuptPLOvPsBus=
59,-1,yu0VFfmIhuyoNUIIgVskJjkSJ5c=,dRjDBM7Z8wZ9+IRuptPLOvPsBus=
58,-1,yu0VFfmIhuyoNUIIgVskJjkSJ5c=,dRjDBM7Z8wZ9+IRuptPLOvPsBus=
57,-1,yu0VFfmIhuyoNUIIgVskJjkSJ5c=,dRjDBM7Z8wZ9+IRuptPLOvPsBus=
52,-5,yu0VFfmIhuyoNUIIgVskJjkSJ5c=,yYbmvxEeturDyXRp8wicfxe9Nd8=
53,-5,yu0VFfmIhuyoNUIIgVskJjkSJ5c=,yYbmvxEeturDyXRp8wicfxe9Nd8=
54,-5,yu0VFfmIhuyoNUIIgVskJjkSJ5c=,yYbmvxEeturDyXRp8wicfxe9Nd8=
55,-5,yu0VFfmIhuyoNUIIgVskJjkSJ5c=,yYbmvxEeturDyXRp8wicfxe9Nd8=
48,-4,yu0VFfmIhuyoNUIIgVskJjkSJ5c=,yYbmvxEeturDyXRp8wicfxe9Nd8=
49,-4,yu0VFfmIhuyoNUIIgVskJjkSJ5c=,yYbmvxEeturDyXRp8wicfxe9Nd8=
50,-4,yu0VFfmIhuyoNUIIgVskJjkSJ5c=,yYbmvxEeturDyXRp8wicfxe9Nd8=
51,-4,yu0VFfmIhuyoNUIIgVskJjkSJ5c=,yYbmvxEeturDyXRp8wicfxe9Nd8=
52,-4,yu0VFfmIhuyoNUIIgVskJjkSJ5c=,yYbmvxEeturDyXRp8wicfxe9Nd8=
48,-10,yu0VFfmIhuyoNUIIgVskJjkSJ5c=,7+CFjUPickR7CsI109zs5SosUX8=
57,-16,yu0VFfmIhuyoNUIIgVskJjkSJ5c=,7+CFjUPickR7CsI109zs5SosUX8=
53,-4,yu0VFfmIhuyoNUIIgVskJjkSJ5c=,yYbmvxEeturDyXRp8wicfxe9Nd8=
54,-4,yu0VFfmIhuyoNUIIgVskJjkSJ5c=,yYbmvxEeturDyXRp8wicfxe9Nd8=
58,-16,yu0VFfmIhuyoNUIIgVskJjkSJ5c=,7+CFjUPickR7CsI109zs5SosUX8=
55,-4,yu0VFfmIhuyoNUIIgVskJjkSJ5c=,yYbmvxEeturDyXRp8wicfxe9Nd8=
48,-9,yu0VFfmIhuyoNUIIgVskJjkSJ5c=,7+CFjUPickR7CsI109zs5SosUX8=
48,-3,yu0VFfmIhuyoNUIIgVskJjkSJ5c=,yYbmvxEeturDyXRp8wicfxe9Nd8=
59,-16,yu0VFfmIhuyoNUIIgVskJjkSJ5c=,7+CFjUPickR7CsI109zs5SosUX8=
48,-15,yu0VFfmIhuyoNUIIgVskJjkSJ5c=,7+CFjUPickR7CsI109zs5SosUX8=
49,-9,yu0VFfmIhuyoNUIIgVskJjkSJ5c=,7+CFjUPickR7CsI109zs5SosUX8=
48,-8,yu0VFfmIhuyoNUIIgVskJjkSJ5c=,yYbmvxEeturDyXRp8wicfxe9Nd8=
60,-16,yu0VFfmIhuyoNUIIgVskJjkSJ5c=,7+CFjUPickR7CsI109zs5SosUX8=
56,-16,yu0VFfmIhuyoNUIIgVskJjkSJ5c=,7+CFjUPickR7CsI109zs5SosUX8=
50,-9,yu0VFfmIhuyoNUIIgVskJjkSJ5c=,7+CFjUPickR7CsI109zs5SosUX8=
61,-16,yu0VFfmIhuyoNUIIgVskJjkSJ5c=,7+CFjUPickR7CsI109zs5SosUX8=
48,-14,yu0VFfmIhuyoNUIIgVskJjkSJ5c=,7+CFjUPickR7CsI109zs5SosUX8=
49,-16,yu0VFfmIhuyoNUIIgVskJjkSJ5c=,7+CFjUPickR7CsI109zs5SosUX8=
51,-9,yu0VFfmIhuyoNUIIgVskJjkSJ5c=,7+CFjUPickR7CsI109zs5SosUX8=
62,-16,yu0VFfmIhuyoNUIIgVskJjkSJ5c=,7+CFjUPickR7CsI109zs5SosUX8=
48,-13,yu0VFfmIhuyoNUIIgVskJjkSJ5c=,7+CFjUPickR7CsI109zs5SosUX8=
50,-16,yu0VFfmIhuyoNUIIgVskJjkSJ5c=,7+CFjUPickR7CsI109zs5SosUX8=
52,-9,yu0VFfmIhuyoNUIIgVskJjkSJ5c=,7+CFjUPickR7CsI109zs5SosUX8=
48,-12,yu0VFfmIhuyoNUIIgVskJjkSJ5c=,7+CFjUPickR7CsI109zs5SosUX8=
51,-16,yu0VFfmIhuyoNUIIgVskJjkSJ5c=,7+CFjUPickR7CsI109zs5SosUX8=
48,-16,yu0VFfmIhuyoNUIIgVskJjkSJ5c=,7+CFjUPickR7CsI109zs5SosUX8=
53,-9,yu0VFfmIhuyoNUIIgVskJjkSJ5c=,7+CFjUPickR7CsI109zs5SosUX8=
48,-11,yu0VFfmIhuyoNUIIgVskJjkSJ5c=,7+CFjUPickR7CsI109zs5SosUX8=
52,-16,yu0VFfmIhuyoNUIIgVskJjkSJ5c=,7+CFjUPickR7CsI109zs5SosUX8=
54,-9,yu0VFfmIhuyoNUIIgVskJjkSJ5c=,7+CFjUPickR7CsI109zs5SosUX8=
53,-16,yu0VFfmIhuyoNUIIgVskJjkSJ5c=,7+CFjUPickR7CsI109zs5SosUX8=
55,-9,yu0VFfmIhuyoNUIIgVskJjkSJ5c=,7+CFjUPickR7CsI109zs5SosUX8=
63,-16,yu0VFfmIhuyoNUIIgVskJjkSJ5c=,7+CFjUPickR7CsI109zs5SosUX8=
63,-1,yu0VFfmIhuyoNUIIgVskJjkSJ5c=,dRjDBM7Z8wZ9+IRuptPLOvPsBus=
49,-8,yu0VFfmIhuyoNUIIgVskJjkSJ5c=,yYbmvxEeturDyXRp8wicfxe9Nd8=
54,-16,yu0VFfmIhuyoNUIIgVskJjkSJ5c=,7+CFjUPickR7CsI109zs5SosUX8=
55,-16,yu0VFfmIhuyoNUIIgVskJjkSJ5c=,7+CFjUPickR7CsI109zs5SosUX8=
55,-1,yu0VFfmIhuyoNUIIgVskJjkSJ5c=,yYbmvxEeturDyXRp8wicfxe9Nd8=
50,-8,yu0VFfmIhuyoNUIIgVskJjkSJ5c=,yYbmvxEeturDyXRp8wicfxe9Nd8=
51,-5,yu0VFfmIhuyoNUIIgVskJjkSJ5c=,yYbmvxEeturDyXRp8wicfxe9Nd8=
54,-1,yu0VFfmIhuyoNUIIgVskJjkSJ5c=,yYbmvxEeturDyXRp8wicfxe9Nd8=
50,-5,yu0VFfmIhuyoNUIIgVskJjkSJ5c=,yYbmvxEeturDyXRp8wicfxe9Nd8=
51,-8,yu0VFfmIhuyoNUIIgVskJjkSJ5c=,yYbmvxEeturDyXRp8wicfxe9Nd8=
53,-1,yu0VFfmIhuyoNUIIgVskJjkSJ5c=,yYbmvxEeturDyXRp8wicfxe9Nd8=
48,-5,yu0VFfmIhuyoNUIIgVskJjkSJ5c=,yYbmvxEeturDyXRp8wicfxe9Nd8=
49,-5,yu0VFfmIhuyoNUIIgVskJjkSJ5c=,yYbmvxEeturDyXRp8wicfxe9Nd8=
49,-3,yu0VFfmIhuyoNUIIgVskJjkSJ5c=,yYbmvxEeturDyXRp8wicfxe9Nd8=
56,-9,yu0VFfmIhuyoNUIIgVskJjkSJ5c=,7+CFjUPickR7CsI109zs5SosUX8=
55,-6,yu0VFfmIhuyoNUIIgVskJjkSJ5c=,yYbmvxEeturDyXRp8wicfxe9Nd8=
54,-6,yu0VFfmIhuyoNUIIgVskJjkSJ5c=,yYbmvxEeturDyXRp8wicfxe9Nd8=
52,-8,yu0VFfmIhuyoNUIIgVskJjkSJ5c=,yYbmvxEeturDyXRp8wicfxe9Nd8=
53,-6,yu0VFfmIhuyoNUIIgVskJjkSJ5c=,yYbmvxEeturDyXRp8wicfxe9Nd8=
52,-6,yu0VFfmIhuyoNUIIgVskJjkSJ5c=,yYbmvxEeturDyXRp8wicfxe9Nd8=
52,-1,yu0VFfmIhuyoNUIIgVskJjkSJ5c=,yYbmvxEeturDyXRp8wicfxe9Nd8=
53,-8,yu0VFfmIhuyoNUIIgVskJjkSJ5c=,yYbmvxEeturDyXRp8wicfxe9Nd8=
56,-2,yu0VFfmIhuyoNUIIgVskJjkSJ5c=,dRjDBM7Z8wZ9+IRuptPLOvPsBus=
50,-3,yu0VFfmIhuyoNUIIgVskJjkSJ5c=,yYbmvxEeturDyXRp8wicfxe9Nd8=
56,-3,yu0VFfmIhuyoNUIIgVskJjkSJ5c=,dRjDBM7Z8wZ9+IRuptPLOvPsBus=
51,-1,yu0VFfmIhuyoNUIIgVskJjkSJ5c=,yYbmvxEeturDyXRp8wicfxe9Nd8=
51,-6,yu0VFfmIhuyoNUIIgVskJjkSJ5c=,yYbmvxEeturDyXRp8wicfxe9Nd8=
54,-8,yu0VFfmIhuyoNUIIgVskJjkSJ5c=,yYbmvxEeturDyXRp8wicfxe9Nd8=
50,-1,yu0VFfmIhuyoNUIIgVskJjkSJ5c=,yYbmvxEeturDyXRp8wicfxe9Nd8=
49,-1,yu0VFfmIhuyoNUIIgVskJjkSJ5c=,yYbmvxEeturDyXRp8wicfxe9Nd8=
48,-1,yu0VFfmIhuyoNUIIgVskJjkSJ5c=,yYbmvxEeturDyXRp8wicfxe9Nd8=
56,-1,yu0VFfmIhuyoNUIIgVskJjkSJ5c=,dRjDBM7Z8wZ9+IRuptPLOvPsBus=
55,-2,yu0VFfmIhuyoNUIIgVskJjkSJ5c=,yYbmvxEeturDyXRp8wicfxe9Nd8=
54,-2,yu0VFfmIhuyoNUIIgVskJjkSJ5c=,yYbmvxEeturDyXRp8wicfxe9Nd8=
50,-6,yu0VFfmIhuyoNUIIgVskJjkSJ5c=,yYbmvxEeturDyXRp8wicfxe9Nd8=
55,-8,yu0VFfmIhuyoNUIIgVskJjkSJ5c=,yYbmvxEeturDyXRp8wicfxe9Nd8=
53,-2,yu0VFfmIhuyoNUIIgVskJjkSJ5c=,yYbmvxEeturDyXRp8wicfxe9Nd8=
52,-2,yu0VFfmIhuyoNUIIgVskJjkSJ5c=,yYbmvxEeturDyXRp8wicfxe9Nd8=
49,-6,yu0VFfmIhuyoNUIIgVskJjkSJ5c=,yYbmvxEeturDyXRp8wicfxe9Nd8=
56,-6,yu0VFfmIhuyoNUIIgVskJjkSJ5c=,dRjDBM7Z8wZ9+IRuptPLOvPsBus=
51,-2,yu0VFfmIhuyoNUIIgVskJjkSJ5c=,yYbmvxEeturDyXRp8wicfxe9Nd8=
50,-2,yu0VFfmIhuyoNUIIgVskJjkSJ5c=,yYbmvxEeturDyXRp8wicfxe9Nd8=
49,-2,yu0VFfmIhuyoNUIIgVskJjkSJ5c=,yYbmvxEeturDyXRp8wicfxe9Nd8=
56,-5,yu0VFfmIhuyoNUIIgVskJjkSJ5c=,dRjDBM7Z8wZ9+IRuptPLOvPsBus=
48,-6,yu0VFfmIhuyoNUIIgVskJjkSJ5c=,yYbmvxEeturDyXRp8wicfxe9Nd8=
48,-2,yu0VFfmIhuyoNUIIgVskJjkSJ5c=,yYbmvxEeturDyXRp8wicfxe9Nd8=
55,-7,yu0VFfmIhuyoNUIIgVskJjkSJ5c=,yYbmvxEeturDyXRp8wicfxe9Nd8=
55,-3,yu0VFfmIhuyoNUIIgVskJjkSJ5c=,yYbmvxEeturDyXRp8wicfxe9Nd8=
56,-4,yu0VFfmIhuyoNUIIgVskJjkSJ5c=,dRjDBM7Z8wZ9+IRuptPLOvPsBus=
48,-7,yu0VFfmIhuyoNUIIgVskJjkSJ5c=,yYbmvxEeturDyXRp8wicfxe9Nd8=
54,-3,yu0VFfmIhuyoNUIIgVskJjkSJ5c=,yYbmvxEeturDyXRp8wicfxe9Nd8=
56,-8,yu0VFfmIhuyoNUIIgVskJjkSJ5c=,dRjDBM7Z8wZ9+IRuptPLOvPsBus=
53,-7,yu0VFfmIhuyoNUIIgVskJjkSJ5c=,yYbmvxEeturDyXRp8wicfxe9Nd8=
54,-7,yu0VFfmIhuyoNUIIgVskJjkSJ5c=,yYbmvxEeturDyXRp8wicfxe9Nd8=
52,-3,yu0VFfmIhuyoNUIIgVskJjkSJ5c=,yYbmvxEeturDyXRp8wicfxe9Nd8=
53,-3,yu0VFfmIhuyoNUIIgVskJjkSJ5c=,yYbmvxEeturDyXRp8wicfxe9Nd8=
56,-7,yu0VFfmIhuyoNUIIgVskJjkSJ5c=,dRjDBM7Z8wZ9+IRuptPLOvPsBus=
52,-7,yu0VFfmIhuyoNUIIgVskJjkSJ5c=,yYbmvxEeturDyXRp8wicfxe9Nd8=
51,-7,yu0VFfmIhuyoNUIIgVskJjkSJ5c=,yYbmvxEeturDyXRp8wicfxe9Nd8=
51,-3,yu0VFfmIhuyoNUIIgVskJjkSJ5c=,yYbmvxEeturDyXRp8wicfxe9Nd8=
50,-7,yu0VFfmIhuyoNUIIgVskJjkSJ5c=,yYbmvxEeturDyXRp8wicfxe9Nd8=
49,-7,yu0VFfmIhuyoNUIIgVskJjkSJ5c=,yYbmvxEeturDyXRp8wicfxe9Nd8=
57,-31,yu0VFfmIhuyoNUIIgVskJjkSJ5c=,7+CFjUPickR7CsI109zs5SosUX8=
58,-31,FOFO1isEh8RsVA94jhqINEkNSZM=,7+CFjUPickR7CsI109zs5SosUX8=
62,-26,EldZjlRoKYWxnVtPfbfc5KzZaMc=,7+CFjUPickR7CsI109zs5SosUX8=
60,-26,EldZjlRoKYWxnVtPfbfc5KzZaMc=,7+CFjUPickR7CsI109zs5SosUX8=
61,-26,EldZjlRoKYWxnVtPfbfc5KzZaMc=,7+CFjUPickR7CsI109zs5SosUX8=
59,-26,EldZjlRoKYWxnVtPfbfc5KzZaMc=,7+CFjUPickR7CsI109zs5SosUX8=
58,-26,EldZjlRoKYWxnVtPfbfc5KzZaMc=,7+CFjUPickR7CsI109zs5SosUX8=
62,-27,EldZjlRoKYWxnVtPfbfc5KzZaMc=,7+CFjUPickR7CsI109zs5SosUX8=
57,-26,EldZjlRoKYWxnVtPfbfc5KzZaMc=,7+CFjUPickR7CsI109zs5SosUX8=
60,-27,EldZjlRoKYWxnVtPfbfc5KzZaMc=,7+CFjUPickR7CsI109zs5SosUX8=
61,-27,EldZjlRoKYWxnVtPfbfc5KzZaMc=,7+CFjUPickR7CsI109zs5SosUX8=
59,-27,EldZjlRoKYWxnVtPfbfc5KzZaMc=,7+CFjUPickR7CsI109zs5SosUX8=
57,-27,EldZjlRoKYWxnVtPfbfc5KzZaMc=,7+CFjUPickR7CsI109zs5SosUX8=
58,-27,EldZjlRoKYWxnVtPfbfc5KzZaMc=,7+CFjUPickR7CsI109zs5SosUX8=
62,-28,EldZjlRoKYWxnVtPfbfc5KzZaMc=,7+CFjUPickR7CsI109zs5SosUX8=
60,-28,EldZjlRoKYWxnVtPfbfc5KzZaMc=,7+CFjUPickR7CsI109zs5SosUX8=
61,-28,EldZjlRoKYWxnVtPfbfc5KzZaMc=,7+CFjUPickR7CsI109zs5SosUX8=
59,-28,EldZjlRoKYWxnVtPfbfc5KzZaMc=,7+CFjUPickR7CsI109zs5SosUX8=
58,-28,lLdGdw84kIG+ziYwNocIQdKFUFc=,7+CFjUPickR7CsI109zs5SosUX8=
57,-28,lLdGdw84kIG+ziYwNocIQdKFUFc=,7+CFjUPickR7CsI109zs5SosUX8=
62,-29,yNKXWd+BEO3fcA44Ey4E39/hEWs=,7+CFjUPickR7CsI109zs5SosUX8=
61,-29,6FRXUnusDOPD+GPwVdV8fPfW4xo=,7+CFjUPickR7CsI109zs5SosUX8=
60,-29,6FRXUnusDOPD+GPwVdV8fPfW4xo=,7+CFjUPickR7CsI109zs5SosUX8=
58,-29,6FRXUnusDOPD+GPwVdV8fPfW4xo=,7+CFjUPickR7CsI109zs5SosUX8=
57,-29,6FRXUnusDOPD+GPwVdV8fPfW4xo=,7+CFjUPickR7CsI109zs5SosUX8=
59,-29,6FRXUnusDOPD+GPwVdV8fPfW4xo=,7+CFjUPickR7CsI109zs5SosUX8=
62,-30,6FRXUnusDOPD+GPwVdV8fPfW4xo=,7+CFjUPickR7CsI109zs5SosUX8=
61,-30,6FRXUnusDOPD+GPwVdV8fPfW4xo=,7+CFjUPickR7CsI109zs5SosUX8=
59,-30,6FRXUnusDOPD+GPwVdV8fPfW4xo=,7+CFjUPickR7CsI109zs5SosUX8=
58,-30,6FRXUnusDOPD+GPwVdV8fPfW4xo=,7+CFjUPickR7CsI109zs5SosUX8=
60,-30,6FRXUnusDOPD+GPwVdV8fPfW4xo=,7+CFjUPickR7CsI109zs5SosUX8=
62,-31,6FRXUnusDOPD+GPwVdV8fPfW4xo=,7+CFjUPickR7CsI109zs5SosUX8=
61,-31,6FRXUnusDOPD+GPwVdV8fPfW4xo=,7+CFjUPickR7CsI109zs5SosUX8=
57,-30,6FRXUnusDOPD+GPwVdV8fPfW4xo=,7+CFjUPickR7CsI109zs5SosUX8=
60,-31,6FRXUnusDOPD+GPwVdV8fPfW4xo=,7+CFjUPickR7CsI109zs5SosUX8=
59,-31,6FRXUnusDOPD+GPwVdV8fPfW4xo=,7+CFjUPickR7CsI109zs5SosUX8=
52,-27,6FRXUnusDOPD+GPwVdV8fPfW4xo=,7+CFjUPickR7CsI109zs5SosUX8=
54,-27,6FRXUnusDOPD+GPwVdV8fPfW4xo=,7+CFjUPickR7CsI109zs5SosUX8=
53,-27,6FRXUnusDOPD+GPwVdV8fPfW4xo=,7+CFjUPickR7CsI109zs5SosUX8=
55,-27,6FRXUnusDOPD+GPwVdV8fPfW4xo=,7+CFjUPickR7CsI109zs5SosUX8=
49,-26,6FRXUnusDOPD+GPwVdV8fPfW4xo=,7+CFjUPickR7CsI109zs5SosUX8=
50,-26,6FRXUnusDOPD+GPwVdV8fPfW4xo=,7+CFjUPickR7CsI109zs5SosUX8=
51,-26,6FRXUnusDOPD+GPwVdV8fPfW4xo=,7+CFjUPickR7CsI109zs5SosUX8=
52,-26,6FRXUnusDOPD+GPwVdV8fPfW4xo=,7+CFjUPickR7CsI109zs5SosUX8=
56,-31,6FRXUnusDOPD+GPwVdV8fPfW4xo=,7+CFjUPickR7CsI109zs5SosUX8=
53,-26,6FRXUnusDOPD+GPwVdV8fPfW4xo=,7+CFjUPickR7CsI109zs5SosUX8=
49,-31,6FRXUnusDOPD+GPwVdV8fPfW4xo=,7+CFjUPickR7CsI109zs5SosUX8=
50,-31,6FRXUnusDOPD+GPwVdV8fPfW4xo=,7+CFjUPickR7CsI109zs5SosUX8=
51,-31,6FRXUnusDOPD+GPwVdV8fPfW4xo=,7+CFjUPickR7CsI109zs5SosUX8=
52,-31,6FRXUnusDOPD+GPwVdV8fPfW4xo=,7+CFjUPickR7CsI109zs5SosUX8=
53,-31,6FRXUnusDOPD+GPwVdV8fPfW4xo=,7+CFjUPickR7CsI109zs5SosUX8=
51,-27,6FRXUnusDOPD+GPwVdV8fPfW4xo=,7+CFjUPickR7CsI109zs5SosUX8=
54,-31,6FRXUnusDOPD+GPwVdV8fPfW4xo=,7+CFjUPickR7CsI109zs5SosUX8=
54,-26,6FRXUnusDOPD+GPwVdV8fPfW4xo=,7+CFjUPickR7CsI109zs5SosUX8=
50,-27,6FRXUnusDOPD+GPwVdV8fPfW4xo=,7+CFjUPickR7CsI109zs5SosUX8=
55,-31,6FRXUnusDOPD+GPwVdV8fPfW4xo=,7+CFjUPickR7CsI109zs5SosUX8=
49,-30,6FRXUnusDOPD+GPwVdV8fPfW4xo=,7+CFjUPickR7CsI109zs5SosUX8=
49,-27,6FRXUnusDOPD+GPwVdV8fPfW4xo=,7+CFjUPickR7CsI109zs5SosUX8=
56,-30,6FRXUnusDOPD+GPwVdV8fPfW4xo=,7+CFjUPickR7CsI109zs5SosUX8=
55,-28,6FRXUnusDOPD+GPwVdV8fPfW4xo=,7+CFjUPickR7CsI109zs5SosUX8=
54,-28,6FRXUnusDOPD+GPwVdV8fPfW4xo=,7+CFjUPickR7CsI109zs5SosUX8=
56,-29,6FRXUnusDOPD+GPwVdV8fPfW4xo=,7+CFjUPickR7CsI109zs5SosUX8=
53,-28,6FRXUnusDOPD+GPwVdV8fPfW4xo=,7+CFjUPickR7CsI109zs5SosUX8=
50,-30,6FRXUnusDOPD+GPwVdV8fPfW4xo=,7+CFjUPickR7CsI109zs5SosUX8=
55,-26,6FRXUnusDOPD+GPwVdV8fPfW4xo=,7+CFjUPickR7CsI109zs5SosUX8=
52,-28,6FRXUnusDOPD+GPwVdV8fPfW4xo=,7+CFjUPickR7CsI109zs5SosUX8=
51,-30,6FRXUnusDOPD+GPwVdV8fPfW4xo=,7+CFjUPickR7CsI109zs5SosUX8=
51,-28,6FRXUnusDOPD+GPwVdV8fPfW4xo=,7+CFjUPickR7CsI109zs5SosUX8=
52,-30,6FRXUnusDOPD+GPwVdV8fPfW4xo=,7+CFjUPickR7CsI109zs5SosUX8=
50,-28,6FRXUnusDOPD+GPwVdV8fPfW4xo=,7+CFjUPickR7CsI109zs5SosUX8=
53,-30,6FRXUnusDOPD+GPwVdV8fPfW4xo=,7+CFjUPickR7CsI109zs5SosUX8=
56,-26,6FRXUnusDOPD+GPwVdV8fPfW4xo=,7+CFjUPickR7CsI109zs5SosUX8=
54,-30,6FRXUnusDOPD+GPwVdV8fPfW4xo=,7+CFjUPickR7CsI109zs5SosUX8=
49,-28,6FRXUnusDOPD+GPwVdV8fPfW4xo=,7+CFjUPickR7CsI109zs5SosUX8=
55,-30,6FRXUnusDOPD+GPwVdV8fPfW4xo=,7+CFjUPickR7CsI109zs5SosUX8=
55,-29,6FRXUnusDOPD+GPwVdV8fPfW4xo=,7+CFjUPickR7CsI109zs5SosUX8=
49,-29,6FRXUnusDOPD+GPwVdV8fPfW4xo=,7+CFjUPickR7CsI109zs5SosUX8=
56,-27,6FRXUnusDOPD+GPwVdV8fPfW4xo=,7+CFjUPickR7CsI109zs5SosUX8=
50,-29,6FRXUnusDOPD+GPwVdV8fPfW4xo=,7+CFjUPickR7CsI109zs5SosUX8=
54,-29,6FRXUnusDOPD+GPwVdV8fPfW4xo=,7+CFjUPickR7CsI109zs5SosUX8=
56,-28,6FRXUnusDOPD+GPwVdV8fPfW4xo=,7+CFjUPickR7CsI109zs5SosUX8=
53,-29,6FRXUnusDOPD+GPwVdV8fPfW4xo=,7+CFjUPickR7CsI109zs5SosUX8=
51,-29,6FRXUnusDOPD+GPwVdV8fPfW4xo=,7+CFjUPickR7CsI109zs5SosUX8=
52,-29,6FRXUnusDOPD+GPwVdV8fPfW4xo=,7+CFjUPickR7CsI109zs5SosUX8=
48,-26,6FRXUnusDOPD+GPwVdV8fPfW4xo=,7+CFjUPickR7CsI109zs5SosUX8=
48,-31,6FRXUnusDOPD+GPwVdV8fPfW4xo=,7+CFjUPickR7CsI109zs5SosUX8=
48,-30,6FRXUnusDOPD+GPwVdV8fPfW4xo=,7+CFjUPickR7CsI109zs5SosUX8=
48,-29,6FRXUnusDOPD+GPwVdV8fPfW4xo=,7+CFjUPickR7CsI109zs5SosUX8=
48,-28,6FRXUnusDOPD+GPwVdV8fPfW4xo=,7+CFjUPickR7CsI109zs5SosUX8=
48,-27,6FRXUnusDOPD+GPwVdV8fPfW4xo=,7+CFjUPickR7CsI109zs5SosUX8=
63,-31,6FRXUnusDOPD+GPwVdV8fPfW4xo=,7+CFjUPickR7CsI109zs5SosUX8=
63,-30,6FRXUnusDOPD+GPwVdV8fPfW4xo=,7+CFjUPickR7CsI109zs5SosUX8=
63,-29,6FRXUnusDOPD+GPwVdV8fPfW4xo=,7+CFjUPickR7CsI109zs5SosUX8=
63,-28,6FRXUnusDOPD+GPwVdV8fPfW4xo=,7+CFjUPickR7CsI109zs5SosUX8=
63,-27,6FRXUnusDOPD+GPwVdV8fPfW4xo=,7+CFjUPickR7CsI109zs5SosUX8=
63,-26,6FRXUnusDOPD+GPwVdV8fPfW4xo=,7+CFjUPickR7CsI109zs5SosUX8=
49,-32,6FRXUnusDOPD+GPwVdV8fPfW4xo=,7+CFjUPickR7CsI109zs5SosUX8=
50,-32,6FRXUnusDOPD+GPwVdV8fPfW4xo=,7+CFjUPickR7CsI109zs5SosUX8=
51,-32,6FRXUnusDOPD+GPwVdV8fPfW4xo=,7+CFjUPickR7CsI109zs5SosUX8=
52,-32,6FRXUnusDOPD+GPwVdV8fPfW4xo=,7+CFjUPickR7CsI109zs5SosUX8=
53,-32,6FRXUnusDOPD+GPwVdV8fPfW4xo=,7+CFjUPickR7CsI109zs5SosUX8=
54,-32,6FRXUnusDOPD+GPwVdV8fPfW4xo=,7+CFjUPickR7CsI109zs5SosUX8=
63,-32,6FRXUnusDOPD+GPwVdV8fPfW4xo=,7+CFjUPickR7CsI109zs5SosUX8=
56,-32,6FRXUnusDOPD+GPwVdV8fPfW4xo=,7+CFjUPickR7CsI109zs5SosUX8=
58,-32,6FRXUnusDOPD+GPwVdV8fPfW4xo=,7+CFjUPickR7CsI109zs5SosUX8=
57,-32,6FRXUnusDOPD+GPwVdV8fPfW4xo=,7+CFjUPickR7CsI109zs5SosUX8=
59,-32,6FRXUnusDOPD+GPwVdV8fPfW4xo=,7+CFjUPickR7CsI109zs5SosUX8=
60,-32,6FRXUnusDOPD+GPwVdV8fPfW4xo=,7+CFjUPickR7CsI109zs5SosUX8=
61,-32,6FRXUnusDOPD+GPwVdV8fPfW4xo=,7+CFjUPickR7CsI109zs5SosUX8=
62,-32,6FRXUnusDOPD+GPwVdV8fPfW4xo=,7+CFjUPickR7CsI109zs5SosUX8=
55,-32,6FRXUnusDOPD+GPwVdV8fPfW4xo=,7+CFjUPickR7CsI109zs5SosUX8=
48,-32,6FRXUnusDOPD+GPwVdV8fPfW4xo=,7+CFjUPickR7CsI109zs5SosUX8=
58,-20,6FRXUnusDOPD+GPwVdV8fPfW4xo=,7+CFjUPickR7CsI109zs5SosUX8=
60,-25,6FRXUnusDOPD+GPwVdV8fPfW4xo=,7+CFjUPickR7CsI109zs5SosUX8=
59,-20,6FRXUnusDOPD+GPwVdV8fPfW4xo=,7+CFjUPickR7CsI109zs5SosUX8=
60,-20,6FRXUnusDOPD+GPwVdV8fPfW4xo=,7+CFjUPickR7CsI109zs5SosUX8=
59,-24,6FRXUnusDOPD+GPwVdV8fPfW4xo=,7+CFjUPickR7CsI109zs5SosUX8=
60,-24,6FRXUnusDOPD+GPwVdV8fPfW4xo=,7+CFjUPickR7CsI109zs5SosUX8=
61,-24,6FRXUnusDOPD+GPwVdV8fPfW4xo=,7+CFjUPickR7CsI109zs5SosUX8=
62,-24,6FRXUnusDOPD+GPwVdV8fPfW4xo=,7+CFjUPickR7CsI109zs5SosUX8=
60,-17,6FRXUnusDOPD+GPwVdV8fPfW4xo=,7+CFjUPickR7CsI109zs5SosUX8=
63,-24,6FRXUnusDOPD+GPwVdV8fPfW4xo=,7+CFjUPickR7CsI109zs5SosUX8=
57,-23,6FRXUnusDOPD+GPwVdV8fPfW4xo=,7+CFjUPickR7CsI109zs5SosUX8=
57,-24,6FRXUnusDOPD+GPwVdV8fPfW4xo=,7+CFjUPickR7CsI109zs5SosUX8=
57,-19,6FRXUnusDOPD+GPwVdV8fPfW4xo=,7+CFjUPickR7CsI109zs5SosUX8=
61,-17,6FRXUnusDOPD+GPwVdV8fPfW4xo=,7+CFjUPickR7CsI109zs5SosUX8=
61,-25,6FRXUnusDOPD+GPwVdV8fPfW4xo=,7+CFjUPickR7CsI109zs5SosUX8=
62,-25,6FRXUnusDOPD+GPwVdV8fPfW4xo=,7+CFjUPickR7CsI109zs5SosUX8=
62,-17,6FRXUnusDOPD+GPwVdV8fPfW4xo=,7+CFjUPickR7CsI109zs5SosUX8=
63,-25,6FRXUnusDOPD+GPwVdV8fPfW4xo=,7+CFjUPickR7CsI109zs5SosUX8=
59,-17,6FRXUnusDOPD+GPwVdV8fPfW4xo=,7+CFjUPickR7CsI109zs5SosUX8=
63,-17,6FRXUnusDOPD+GPwVdV8fPfW4xo=,7+CFjUPickR7CsI109zs5SosUX8=
58,-22,6FRXUnusDOPD+GPwVdV8fPfW4xo=,7+CFjUPickR7CsI109zs5SosUX8=
58,-21,6FRXUnusDOPD+GPwVdV8fPfW4xo=,7+CFjUPickR7CsI109zs5SosUX8=
59,-21,6FRXUnusDOPD+GPwVdV8fPfW4xo=,7+CFjUPickR7CsI109zs5SosUX8=
58,-24,6FRXUnusDOPD+GPwVdV8fPfW4xo=,7+CFjUPickR7CsI109zs5SosUX8=
59,-22,6FRXUnusDOPD+GPwVdV8fPfW4xo=,7+CFjUPickR7CsI109zs5SosUX8=
59,-23,6FRXUnusDOPD+GPwVdV8fPfW4xo=,7+CFjUPickR7CsI109zs5SosUX8=
60,-23,6FRXUnusDOPD+GPwVdV8fPfW4xo=,7+CFjUPickR7CsI109zs5SosUX8=
62,-23,6FRXUnusDOPD+GPwVdV8fPfW4xo=,7+CFjUPickR7CsI109zs5SosUX8=
58,-19,6FRXUnusDOPD+GPwVdV8fPfW4xo=,7+CFjUPickR7CsI109zs5SosUX8=
63,-23,6FRXUnusDOPD+GPwVdV8fPfW4xo=,7+CFjUPickR7CsI109zs5SosUX8=
59,-19,6FRXUnusDOPD+GPwVdV8fPfW4xo=,7+CFjUPickR7CsI109zs5SosUX8=
61,-23,6FRXUnusDOPD+GPwVdV8fPfW4xo=,7+CFjUPickR7CsI109zs5SosUX8=
58,-23,6FRXUnusDOPD+GPwVdV8fPfW4xo=,7+CFjUPickR7CsI109zs5SosUX8=
60,-22,6FRXUnusDOPD+GPwVdV8fPfW4xo=,7+CFjUPickR7CsI109zs5SosUX8=
57,-18,6FRXUnusDOPD+GPwVdV8fPfW4xo=,7+CFjUPickR7CsI109zs5SosUX8=
60,-19,6FRXUnusDOPD+GPwVdV8fPfW4xo=,7+CFjUPickR7CsI109zs5SosUX8=
61,-22,6FRXUnusDOPD+GPwVdV8fPfW4xo=,7+CFjUPickR7CsI109zs5SosUX8=
61,-20,6FRXUnusDOPD+GPwVdV8fPfW4xo=,7+CFjUPickR7CsI109zs5SosUX8=
60,-21,6FRXUnusDOPD+GPwVdV8fPfW4xo=,7+CFjUPickR7CsI109zs5SosUX8=
61,-21,6FRXUnusDOPD+GPwVdV8fPfW4xo=,7+CFjUPickR7CsI109zs5SosUX8=
58,-18,6FRXUnusDOPD+GPwVdV8fPfW4xo=,7+CFjUPickR7CsI109zs5SosUX8=
62,-21,6FRXUnusDOPD+GPwVdV8fPfW4xo=,7+CFjUPickR7CsI109zs5SosUX8=
63,-21,6FRXUnusDOPD+GPwVdV8fPfW4xo=,7+CFjUPickR7CsI109zs5SosUX8=
61,-19,6FRXUnusDOPD+GPwVdV8fPfW4xo=,7+CFjUPickR7CsI109zs5SosUX8=
62,-22,6FRXUnusDOPD+GPwVdV8fPfW4xo=,7+CFjUPickR7CsI109zs5SosUX8=
63,-22,6FRXUnusDOPD+GPwVdV8fPfW4xo=,7+CFjUPickR7CsI109zs5SosUX8=
57,-20,6FRXUnusDOPD+GPwVdV8fPfW4xo=,7+CFjUPickR7CsI109zs5SosUX8=
60,-18,6FRXUnusDOPD+GPwVdV8fPfW4xo=,7+CFjUPickR7CsI109zs5SosUX8=
59,-18,6FRXUnusDOPD+GPwVdV8fPfW4xo=,7+CFjUPickR7CsI109zs5SosUX8=
62,-19,6FRXUnusDOPD+GPwVdV8fPfW4xo=,7+CFjUPickR7CsI109zs5SosUX8=
62,-20,6FRXUnusDOPD+GPwVdV8fPfW4xo=,7+CFjUPickR7CsI109zs5SosUX8=
63,-20,6FRXUnusDOPD+GPwVdV8fPfW4xo=,7+CFjUPickR7CsI109zs5SosUX8=
57,-22,6FRXUnusDOPD+GPwVdV8fPfW4xo=,7+CFjUPickR7CsI109zs5SosUX8=
62,-18,6FRXUnusDOPD+GPwVdV8fPfW4xo=,7+CFjUPickR7CsI109zs5SosUX8=
57,-25,6FRXUnusDOPD+GPwVdV8fPfW4xo=,7+CFjUPickR7CsI109zs5SosUX8=
63,-18,6FRXUnusDOPD+GPwVdV8fPfW4xo=,7+CFjUPickR7CsI109zs5SosUX8=
58,-25,6FRXUnusDOPD+GPwVdV8fPfW4xo=,7+CFjUPickR7CsI109zs5SosUX8=
57,-21,6FRXUnusDOPD+GPwVdV8fPfW4xo=,7+CFjUPickR7CsI109zs5SosUX8=
59,-25,6FRXUnusDOPD+GPwVdV8fPfW4xo=,7+CFjUPickR7CsI109zs5SosUX8=
57,-17,6FRXUnusDOPD+GPwVdV8fPfW4xo=,7+CFjUPickR7CsI109zs5SosUX8=
63,-19,6FRXUnusDOPD+GPwVdV8fPfW4xo=,7+CFjUPickR7CsI109zs5SosUX8=
61,-18,6FRXUnusDOPD+GPwVdV8fPfW4xo=,7+CFjUPickR7CsI109zs5SosUX8=
58,-17,6FRXUnusDOPD+GPwVdV8fPfW4xo=,7+CFjUPickR7CsI109zs5SosUX8=
55,-17,6FRXUnusDOPD+GPwVdV8fPfW4xo=,7+CFjUPickR7CsI109zs5SosUX8=
52,-21,6FRXUnusDOPD+GPwVdV8fPfW4xo=,7+CFjUPickR7CsI109zs5SosUX8=
56,-24,6FRXUnusDOPD+GPwVdV8fPfW4xo=,7+CFjUPickR7CsI109zs5SosUX8=
51,-21,6FRXUnusDOPD+GPwVdV8fPfW4xo=,7+CFjUPickR7CsI109zs5SosUX8=
54,-17,6FRXUnusDOPD+GPwVdV8fPfW4xo=,7+CFjUPickR7CsI109zs5SosUX8=
53,-21,6FRXUnusDOPD+GPwVdV8fPfW4xo=,7+CFjUPickR7CsI109zs5SosUX8=
53,-17,6FRXUnusDOPD+GPwVdV8fPfW4xo=,7+CFjUPickR7CsI109zs5SosUX8=
50,-21,6FRXUnusDOPD+GPwVdV8fPfW4xo=,7+CFjUPickR7CsI109zs5SosUX8=
56,-23,6FRXUnusDOPD+GPwVdV8fPfW4xo=,7+CFjUPickR7CsI109zs5SosUX8=
49,-21,6FRXUnusDOPD+GPwVdV8fPfW4xo=,7+CFjUPickR7CsI109zs5SosUX8=
52,-17,6FRXUnusDOPD+GPwVdV8fPfW4xo=,7+CFjUPickR7CsI109zs5SosUX8=
54,-21,6FRXUnusDOPD+GPwVdV8fPfW4xo=,7+CFjUPickR7CsI109zs5SosUX8=
51,-17,6FRXUnusDOPD+GPwVdV8fPfW4xo=,7+CFjUPickR7CsI109zs5SosUX8=
55,-21,6FRXUnusDOPD+GPwVdV8fPfW4xo=,7+CFjUPickR7CsI109zs5SosUX8=
48,-21,6FRXUnusDOPD+GPwVdV8fPfW4xo=,7+CFjUPickR7CsI109zs5SosUX8=
55,-22,6FRXUnusDOPD+GPwVdV8fPfW4xo=,7+CFjUPickR7CsI109zs5SosUX8=
56,-18,6FRXUnusDOPD+GPwVdV8fPfW4xo=,7+CFjUPickR7CsI109zs5SosUX8=
54,-22,6FRXUnusDOPD+GPwVdV8fPfW4xo=,7+CFjUPickR7CsI109zs5SosUX8=
53,-22,6FRXUnusDOPD+GPwVdV8fPfW4xo=,7+CFjUPickR7CsI109zs5SosUX8=
48,-20,6FRXUnusDOPD+GPwVdV8fPfW4xo=,7+CFjUPickR7CsI109zs5SosUX8=
56,-19,6FRXUnusDOPD+GPwVdV8fPfW4xo=,7+CFjUPickR7CsI109zs5SosUX8=
50,-17,6FRXUnusDOPD+GPwVdV8fPfW4xo=,7+CFjUPickR7CsI109zs5SosUX8=
49,-20,6FRXUnusDOPD+GPwVdV8fPfW4xo=,7+CFjUPickR7CsI109zs5SosUX8=
49,-17,6FRXUnusDOPD+GPwVdV8fPfW4xo=,7+CFjUPickR7CsI109zs5SosUX8=
52,-22,6FRXUnusDOPD+GPwVdV8fPfW4xo=,7+CFjUPickR7CsI109zs5SosUX8=
50,-20,6FRXUnusDOPD+GPwVdV8fPfW4xo=,7+CFjUPickR7CsI109zs5SosUX8=
48,-17,6FRXUnusDOPD+GPwVdV8fPfW4xo=,7+CFjUPickR7CsI109zs5SosUX8=
56,-25,6FRXUnusDOPD+GPwVdV8fPfW4xo=,7+CFjUPickR7CsI109zs5SosUX8=
51,-22,6FRXUnusDOPD+GPwVdV8fPfW4xo=,7+CFjUPickR7CsI109zs5SosUX8=
56,-22,6FRXUnusDOPD+GPwVdV8fPfW4xo=,7+CFjUPickR7CsI109zs5SosUX8=
50,-22,6FRXUnusDOPD+GPwVdV8fPfW4xo=,7+CFjUPickR7CsI109zs5SosUX8=
56,-17,6FRXUnusDOPD+GPwVdV8fPfW4xo=,7+CFjUPickR7CsI109zs5SosUX8=
51,-20,6FRXUnusDOPD+GPwVdV8fPfW4xo=,7+CFjUPickR7CsI109zs5SosUX8=
55,-18,6FRXUnusDOPD+GPwVdV8fPfW4xo=,7+CFjUPickR7CsI109zs5SosUX8=
49,-22,6FRXUnusDOPD+GPwVdV8fPfW4xo=,7+CFjUPickR7CsI109zs5SosUX8=
52,-20,6FRXUnusDOPD+GPwVdV8fPfW4xo=,7+CFjUPickR7CsI109zs5SosUX8=
48,-22,6FRXUnusDOPD+GPwVdV8fPfW4xo=,7+CFjUPickR7CsI109zs5SosUX8=
56,-21,6FRXUnusDOPD+GPwVdV8fPfW4xo=,7+CFjUPickR7CsI109zs5SosUX8=
53,-20,6FRXUnusDOPD+GPwVdV8fPfW4xo=,7+CFjUPickR7CsI109zs5SosUX8=
55,-23,6FRXUnusDOPD+GPwVdV8fPfW4xo=,7+CFjUPickR7CsI109zs5SosUX8=
54,-23,6FRXUnusDOPD+GPwVdV8fPfW4xo=,7+CFjUPickR7CsI109zs5SosUX8=
54,-20,6FRXUnusDOPD+GPwVdV8fPfW4xo=,7+CFjUPickR7CsI109zs5SosUX8=
53,-23,6FRXUnusDOPD+GPwVdV8fPfW4xo=,7+CFjUPickR7CsI109zs5SosUX8=
52,-23,6FRXUnusDOPD+GPwVdV8fPfW4xo=,7+CFjUPickR7CsI109zs5SosUX8=
55,-20,6FRXUnusDOPD+GPwVdV8fPfW4xo=,7+CFjUPickR7CsI109zs5SosUX8=
51,-23,6FRXUnusDOPD+GPwVdV8fPfW4xo=,7+CFjUPickR7CsI109zs5SosUX8=
50,-23,6FRXUnusDOPD+GPwVdV8fPfW4xo=,7+CFjUPickR7CsI109zs5SosUX8=
48,-19,6FRXUnusDOPD+GPwVdV8fPfW4xo=,7+CFjUPickR7CsI109zs5SosUX8=
49,-23,6FRXUnusDOPD+GPwVdV8fPfW4xo=,7+CFjUPickR7CsI109zs5SosUX8=
48,-23,6FRXUnusDOPD+GPwVdV8fPfW4xo=,7+CFjUPickR7CsI109zs5SosUX8=
55,-24,6FRXUnusDOPD+GPwVdV8fPfW4xo=,7+CFjUPickR7CsI109zs5SosUX8=
54,-24,6FRXUnusDOPD+GPwVdV8fPfW4xo=,7+CFjUPickR7CsI109zs5SosUX8=
49,-19,6FRXUnusDOPD+GPwVdV8fPfW4xo=,7+CFjUPickR7CsI109zs5SosUX8=
48,-25,6FRXUnusDOPD+GPwVdV8fPfW4xo=,7+CFjUPickR7CsI109zs5SosUX8=
54,-18,6FRXUnusDOPD+GPwVdV8fPfW4xo=,7+CFjUPickR7CsI109zs5SosUX8=
53,-24,6FRXUnusDOPD+GPwVdV8fPfW4xo=,7+CFjUPickR7CsI109zs5SosUX8=
49,-25,6FRXUnusDOPD+GPwVdV8fPfW4xo=,7+CFjUPickR7CsI109zs5SosUX8=
50,-25,6FRXUnusDOPD+GPwVdV8fPfW4xo=,7+CFjUPickR7CsI109zs5SosUX8=
51,-25,6FRXUnusDOPD+GPwVdV8fPfW4xo=,7+CFjUPickR7CsI109zs5SosUX8=
52,-25,6FRXUnusDOPD+GPwVdV8fPfW4xo=,7+CFjUPickR7CsI109zs5SosUX8=
56,-20,6FRXUnusDOPD+GPwVdV8fPfW4xo=,7+CFjUPickR7CsI109zs5SosUX8=
53,-18,6FRXUnusDOPD+GPwVdV8fPfW4xo=,7+CFjUPickR7CsI109zs5SosUX8=
50,-19,6FRXUnusDOPD+GPwVdV8fPfW4xo=,7+CFjUPickR7CsI109zs5SosUX8=
52,-18,6FRXUnusDOPD+GPwVdV8fPfW4xo=,7+CFjUPickR7CsI109zs5SosUX8=
51,-18,6FRXUnusDOPD+GPwVdV8fPfW4xo=,7+CFjUPickR7CsI109zs5SosUX8=
51,-19,6FRXUnusDOPD+GPwVdV8fPfW4xo=,7+CFjUPickR7CsI109zs5SosUX8=
53,-25,6FRXUnusDOPD+GPwVdV8fPfW4xo=,7+CFjUPickR7CsI109zs5SosUX8=
54,-25,6FRXUnusDOPD+GPwVdV8fPfW4xo=,7+CFjUPickR7CsI109zs5SosUX8=
55,-25,6FRXUnusDOPD+GPwVdV8fPfW4xo=,7+CFjUPickR7CsI109zs5SosUX8=
50,-18,6FRXUnusDOPD+GPwVdV8fPfW4xo=,7+CFjUPickR7CsI109zs5SosUX8=
49,-18,6FRXUnusDOPD+GPwVdV8fPfW4xo=,7+CFjUPickR7CsI109zs5SosUX8=
52,-24,6FRXUnusDOPD+GPwVdV8fPfW4xo=,7+CFjUPickR7CsI109zs5SosUX8=
52,-19,6FRXUnusDOPD+GPwVdV8fPfW4xo=,7+CFjUPickR7CsI109zs5SosUX8=
48,-18,6FRXUnusDOPD+GPwVdV8fPfW4xo=,7+CFjUPickR7CsI109zs5SosUX8=
51,-24,6FRXUnusDOPD+GPwVdV8fPfW4xo=,7+CFjUPickR7CsI109zs5SosUX8=
53,-19,6FRXUnusDOPD+GPwVdV8fPfW4xo=,7+CFjUPickR7CsI109zs5SosUX8=
50,-24,6FRXUnusDOPD+GPwVdV8fPfW4xo=,7+CFjUPickR7CsI109zs5SosUX8=
48,-24,6FRXUnusDOPD+GPwVdV8fPfW4xo=,7+CFjUPickR7CsI109zs5SosUX8=
55,-19,6FRXUnusDOPD+GPwVdV8fPfW4xo=,7+CFjUPickR7CsI109zs5SosUX8=
49,-24,6FRXUnusDOPD+GPwVdV8fPfW4xo=,7+CFjUPickR7CsI109zs5SosUX8=
54,-19,6FRXUnusDOPD+GPwVdV8fPfW4xo=,7+CFjUPickR7CsI109zs5SosUX8=
