-2,26,t0+MLCEaPyhAF0uc57PRbZs0l8I=,lADWsnB8Fmovj3b02IVN6lA9yfM=
-7,26,t0+MLCEaPyhAF0uc57PRbZs0l8I=,lADWsnB8Fmovj3b02IVN6lA9yfM=
-6,25,t0+MLCEaPyhAF0uc57PRbZs0l8I=,lADWsnB8Fmovj3b02IVN6lA9yfM=
-6,26,t0+MLCEaPyhAF0uc57PRbZs0l8I=,lADWsnB8Fmovj3b02IVN6lA9yfM=
-8,26,t0+MLCEaPyhAF0uc57PRbZs0l8I=,lADWsnB8Fmovj3b02IVN6lA9yfM=
-5,25,t0+MLCEaPyhAF0uc57PRbZs0l8I=,lADWsnB8Fmovj3b02IVN6lA9yfM=
-7,27,t0+MLCEaPyhAF0uc57PRbZs0l8I=,lADWsnB8Fmovj3b02IVN6lA9yfM=
-6,27,t0+MLCEaPyhAF0uc57PRbZs0l8I=,lADWsnB8Fmovj3b02IVN6lA9yfM=
-5,27,t0+MLCEaPyhAF0uc57PRbZs0l8I=,lADWsnB8Fmovj3b02IVN6lA9yfM=
-4,27,t0+MLCEaPyhAF0uc57PRbZs0l8I=,lADWsnB8Fmovj3b02IVN6lA9yfM=
-3,27,t0+MLCEaPyhAF0uc57PRbZs0l8I=,lADWsnB8Fmovj3b02IVN6lA9yfM=
-4,25,t0+MLCEaPyhAF0uc57PRbZs0l8I=,lADWsnB8Fmovj3b02IVN6lA9yfM=
-2,27,t0+MLCEaPyhAF0uc57PRbZs0l8I=,lADWsnB8Fmovj3b02IVN6lA9yfM=
-7,28,t0+MLCEaPyhAF0uc57PRbZs0l8I=,lADWsnB8Fmovj3b02IVN6lA9yfM=
-6,28,t0+MLCEaPyhAF0uc57PRbZs0l8I=,lADWsnB8Fmovj3b02IVN6lA9yfM=
-3,25,t0+MLCEaPyhAF0uc57PRbZs0l8I=,lADWsnB8Fmovj3b02IVN6lA9yfM=
-5,28,t0+MLCEaPyhAF0uc57PRbZs0l8I=,lADWsnB8Fmovj3b02IVN6lA9yfM=
-4,28,t0+MLCEaPyhAF0uc57PRbZs0l8I=,lADWsnB8Fmovj3b02IVN6lA9yfM=
-5,26,t0+MLCEaPyhAF0uc57PRbZs0l8I=,lADWsnB8Fmovj3b02IVN6lA9yfM=
-3,28,t0+MLCEaPyhAF0uc57PRbZs0l8I=,lADWsnB8Fmovj3b02IVN6lA9yfM=
-2,28,t0+MLCEaPyhAF0uc57PRbZs0l8I=,lADWsnB8Fmovj3b02IVN6lA9yfM=
-2,25,t0+MLCEaPyhAF0uc57PRbZs0l8I=,lADWsnB8Fmovj3b02IVN6lA9yfM=
-7,29,t0+MLCEaPyhAF0uc57PRbZs0l8I=,lADWsnB8Fmovj3b02IVN6lA9yfM=
-6,29,t0+MLCEaPyhAF0uc57PRbZs0l8I=,lADWsnB8Fmovj3b02IVN6lA9yfM=
-5,29,t0+MLCEaPyhAF0uc57PRbZs0l8I=,lADWsnB8Fmovj3b02IVN6lA9yfM=
-4,29,t0+MLCEaPyhAF0uc57PRbZs0l8I=,lADWsnB8Fmovj3b02IVN6lA9yfM=
-3,29,t0+MLCEaPyhAF0uc57PRbZs0l8I=,lADWsnB8Fmovj3b02IVN6lA9yfM=
-2,29,t0+MLCEaPyhAF0uc57PRbZs0l8I=,lADWsnB8Fmovj3b02IVN6lA9yfM=
-7,30,t0+MLCEaPyhAF0uc57PRbZs0l8I=,lADWsnB8Fmovj3b02IVN6lA9yfM=
-6,30,t0+MLCEaPyhAF0uc57PRbZs0l8I=,lADWsnB8Fmovj3b02IVN6lA9yfM=
-5,30,t0+MLCEaPyhAF0uc57PRbZs0l8I=,lADWsnB8Fmovj3b02IVN6lA9yfM=
-4,30,t0+MLCEaPyhAF0uc57PRbZs0l8I=,lADWsnB8Fmovj3b02IVN6lA9yfM=
-3,30,t0+MLCEaPyhAF0uc57PRbZs0l8I=,lADWsnB8Fmovj3b02IVN6lA9yfM=
-2,30,t0+MLCEaPyhAF0uc57PRbZs0l8I=,lADWsnB8Fmovj3b02IVN6lA9yfM=
-4,26,t0+MLCEaPyhAF0uc57PRbZs0l8I=,lADWsnB8Fmovj3b02IVN6lA9yfM=
-7,25,t0+MLCEaPyhAF0uc57PRbZs0l8I=,lADWsnB8Fmovj3b02IVN6lA9yfM=
-3,26,t0+MLCEaPyhAF0uc57PRbZs0l8I=,lADWsnB8Fmovj3b02IVN6lA9yfM=
-15,31,t0+MLCEaPyhAF0uc57PRbZs0l8I=,lADWsnB8Fmovj3b02IVN6lA9yfM=
-14,31,t0+MLCEaPyhAF0uc57PRbZs0l8I=,lADWsnB8Fmovj3b02IVN6lA9yfM=
-13,31,t0+MLCEaPyhAF0uc57PRbZs0l8I=,lADWsnB8Fmovj3b02IVN6lA9yfM=
-12,31,t0+MLCEaPyhAF0uc57PRbZs0l8I=,lADWsnB8Fmovj3b02IVN6lA9yfM=
-11,31,t0+MLCEaPyhAF0uc57PRbZs0l8I=,lADWsnB8Fmovj3b02IVN6lA9yfM=
-10,31,t0+MLCEaPyhAF0uc57PRbZs0l8I=,lADWsnB8Fmovj3b02IVN6lA9yfM=
-8,27,t0+MLCEaPyhAF0uc57PRbZs0l8I=,lADWsnB8Fmovj3b02IVN6lA9yfM=
-8,28,t0+MLCEaPyhAF0uc57PRbZs0l8I=,lADWsnB8Fmovj3b02IVN6lA9yfM=
-12,27,t0+MLCEaPyhAF0uc57PRbZs0l8I=,lADWsnB8Fmovj3b02IVN6lA9yfM=
-11,27,t0+MLCEaPyhAF0uc57PRbZs0l8I=,lADWsnB8Fmovj3b02IVN6lA9yfM=
-10,27,t0+MLCEaPyhAF0uc57PRbZs0l8I=,lADWsnB8Fmovj3b02IVN6lA9yfM=
-9,27,t0+MLCEaPyhAF0uc57PRbZs0l8I=,lADWsnB8Fmovj3b02IVN6lA9yfM=
-15,28,t0+MLCEaPyhAF0uc57PRbZs0l8I=,lADWsnB8Fmovj3b02IVN6lA9yfM=
-8,29,t0+MLCEaPyhAF0uc57PRbZs0l8I=,lADWsnB8Fmovj3b02IVN6lA9yfM=
-14,28,t0+MLCEaPyhAF0uc57PRbZs0l8I=,lADWsnB8Fmovj3b02IVN6lA9yfM=
-13,28,t0+MLCEaPyhAF0uc57PRbZs0l8I=,lADWsnB8Fmovj3b02IVN6lA9yfM=
-8,30,t0+MLCEaPyhAF0uc57PRbZs0l8I=,lADWsnB8Fmovj3b02IVN6lA9yfM=
-12,28,t0+MLCEaPyhAF0uc57PRbZs0l8I=,lADWsnB8Fmovj3b02IVN6lA9yfM=
-11,28,t0+MLCEaPyhAF0uc57PRbZs0l8I=,lADWsnB8Fmovj3b02IVN6lA9yfM=
-10,28,t0+MLCEaPyhAF0uc57PRbZs0l8I=,lADWsnB8Fmovj3b02IVN6lA9yfM=
-9,28,t0+MLCEaPyhAF0uc57PRbZs0l8I=,lADWsnB8Fmovj3b02IVN6lA9yfM=
-8,25,t0+MLCEaPyhAF0uc57PRbZs0l8I=,lADWsnB8Fmovj3b02IVN6lA9yfM=
-15,29,t0+MLCEaPyhAF0uc57PRbZs0l8I=,lADWsnB8Fmovj3b02IVN6lA9yfM=
-14,29,t0+MLCEaPyhAF0uc57PRbZs0l8I=,lADWsnB8Fmovj3b02IVN6lA9yfM=
-13,29,t0+MLCEaPyhAF0uc57PRbZs0l8I=,lADWsnB8Fmovj3b02IVN6lA9yfM=
-12,29,t0+MLCEaPyhAF0uc57PRbZs0l8I=,lADWsnB8Fmovj3b02IVN6lA9yfM=
-11,29,t0+MLCEaPyhAF0uc57PRbZs0l8I=,lADWsnB8Fmovj3b02IVN6lA9yfM=
-15,25,t0+MLCEaPyhAF0uc57PRbZs0l8I=,lADWsnB8Fmovj3b02IVN6lA9yfM=
-14,25,t0+MLCEaPyhAF0uc57PRbZs0l8I=,lADWsnB8Fmovj3b02IVN6lA9yfM=
-13,25,t0+MLCEaPyhAF0uc57PRbZs0l8I=,lADWsnB8Fmovj3b02IVN6lA9yfM=
-10,29,t0+MLCEaPyhAF0uc57PRbZs0l8I=,lADWsnB8Fmovj3b02IVN6lA9yfM=
-9,29,t0+MLCEaPyhAF0uc57PRbZs0l8I=,lADWsnB8Fmovj3b02IVN6lA9yfM=
-12,25,t0+MLCEaPyhAF0uc57PRbZs0l8I=,lADWsnB8Fmovj3b02IVN6lA9yfM=
-11,25,t0+MLCEaPyhAF0uc57PRbZs0l8I=,lADWsnB8Fmovj3b02IVN6lA9yfM=
-10,25,t0+MLCEaPyhAF0uc57PRbZs0l8I=,lADWsnB8Fmovj3b02IVN6lA9yfM=
-9,25,t0+MLCEaPyhAF0uc57PRbZs0l8I=,lADWsnB8Fmovj3b02IVN6lA9yfM=
-15,30,t0+MLCEaPyhAF0uc57PRbZs0l8I=,lADWsnB8Fmovj3b02IVN6lA9yfM=
-15,26,t0+MLCEaPyhAF0uc57PRbZs0l8I=,lADWsnB8Fmovj3b02IVN6lA9yfM=
-14,30,t0+MLCEaPyhAF0uc57PRbZs0l8I=,lADWsnB8Fmovj3b02IVN6lA9yfM=
-13,30,t0+MLCEaPyhAF0uc57PRbZs0l8I=,lADWsnB8Fmovj3b02IVN6lA9yfM=
-14,26,t0+MLCEaPyhAF0uc57PRbZs0l8I=,lADWsnB8Fmovj3b02IVN6lA9yfM=
-13,26,t0+MLCEaPyhAF0uc57PRbZs0l8I=,lADWsnB8Fmovj3b02IVN6lA9yfM=
-12,30,t0+MLCEaPyhAF0uc57PRbZs0l8I=,lADWsnB8Fmovj3b02IVN6lA9yfM=
-12,26,t0+MLCEaPyhAF0uc57PRbZs0l8I=,lADWsnB8Fmovj3b02IVN6lA9yfM=
-11,26,t0+MLCEaPyhAF0uc57PRbZs0l8I=,lADWsnB8Fmovj3b02IVN6lA9yfM=
-10,26,t0+MLCEaPyhAF0uc57PRbZs0l8I=,lADWsnB8Fmovj3b02IVN6lA9yfM=
-9,26,t0+MLCEaPyhAF0uc57PRbZs0l8I=,lADWsnB8Fmovj3b02IVN6lA9yfM=
-11,30,t0+MLCEaPyhAF0uc57PRbZs0l8I=,lADWsnB8Fmovj3b02IVN6lA9yfM=
-10,30,t0+MLCEaPyhAF0uc57PRbZs0l8I=,lADWsnB8Fmovj3b02IVN6lA9yfM=
-9,30,t0+MLCEaPyhAF0uc57PRbZs0l8I=,lADWsnB8Fmovj3b02IVN6lA9yfM=
-15,27,t0+MLCEaPyhAF0uc57PRbZs0l8I=,lADWsnB8Fmovj3b02IVN6lA9yfM=
-14,27,t0+MLCEaPyhAF0uc57PRbZs0l8I=,lADWsnB8Fmovj3b02IVN6lA9yfM=
-13,27,t0+MLCEaPyhAF0uc57PRbZs0l8I=,lADWsnB8Fmovj3b02IVN6lA9yfM=
-16,28,t0+MLCEaPyhAF0uc57PRbZs0l8I=,lADWsnB8Fmovj3b02IVN6lA9yfM=
-16,29,t0+MLCEaPyhAF0uc57PRbZs0l8I=,lADWsnB8Fmovj3b02IVN6lA9yfM=
-16,25,t0+MLCEaPyhAF0uc57PRbZs0l8I=,lADWsnB8Fmovj3b02IVN6lA9yfM=
-16,26,t0+MLCEaPyhAF0uc57PRbZs0l8I=,lADWsnB8Fmovj3b02IVN6lA9yfM=
-1,26,t0+MLCEaPyhAF0uc57PRbZs0l8I=,lADWsnB8Fmovj3b02IVN6lA9yfM=
-1,27,t0+MLCEaPyhAF0uc57PRbZs0l8I=,lADWsnB8Fmovj3b02IVN6lA9yfM=
-1,28,t0+MLCEaPyhAF0uc57PRbZs0l8I=,lADWsnB8Fmovj3b02IVN6lA9yfM=
-1,29,t0+MLCEaPyhAF0uc57PRbZs0l8I=,lADWsnB8Fmovj3b02IVN6lA9yfM=
-1,30,t0+MLCEaPyhAF0uc57PRbZs0l8I=,lADWsnB8Fmovj3b02IVN6lA9yfM=
-1,25,t0+MLCEaPyhAF0uc57PRbZs0l8I=,lADWsnB8Fmovj3b02IVN6lA9yfM=
-8,31,t0+MLCEaPyhAF0uc57PRbZs0l8I=,lADWsnB8Fmovj3b02IVN6lA9yfM=
-7,31,t0+MLCEaPyhAF0uc57PRbZs0l8I=,lADWsnB8Fmovj3b02IVN6lA9yfM=
-6,31,t0+MLCEaPyhAF0uc57PRbZs0l8I=,lADWsnB8Fmovj3b02IVN6lA9yfM=
-5,31,t0+MLCEaPyhAF0uc57PRbZs0l8I=,lADWsnB8Fmovj3b02IVN6lA9yfM=
-4,31,t0+MLCEaPyhAF0uc57PRbZs0l8I=,lADWsnB8Fmovj3b02IVN6lA9yfM=
-3,31,t0+MLCEaPyhAF0uc57PRbZs0l8I=,lADWsnB8Fmovj3b02IVN6lA9yfM=
-2,31,t0+MLCEaPyhAF0uc57PRbZs0l8I=,lADWsnB8Fmovj3b02IVN6lA9yfM=
-9,31,t0+MLCEaPyhAF0uc57PRbZs0l8I=,lADWsnB8Fmovj3b02IVN6lA9yfM=
-16,31,t0+MLCEaPyhAF0uc57PRbZs0l8I=,lADWsnB8Fmovj3b02IVN6lA9yfM=
-1,31,t0+MLCEaPyhAF0uc57PRbZs0l8I=,lADWsnB8Fmovj3b02IVN6lA9yfM=
-16,30,t0+MLCEaPyhAF0uc57PRbZs0l8I=,lADWsnB8Fmovj3b02IVN6lA9yfM=
-16,27,t0+MLCEaPyhAF0uc57PRbZs0l8I=,lADWsnB8Fmovj3b02IVN6lA9yfM=
-4,24,t0+MLCEaPyhAF0uc57PRbZs0l8I=,lADWsnB8Fmovj3b02IVN6lA9yfM=
-3,24,t0+MLCEaPyhAF0uc57PRbZs0l8I=,lADWsnB8Fmovj3b02IVN6lA9yfM=
-2,24,t0+MLCEaPyhAF0uc57PRbZs0l8I=,lADWsnB8Fmovj3b02IVN6lA9yfM=
-4,21,t0+MLCEaPyhAF0uc57PRbZs0l8I=,lADWsnB8Fmovj3b02IVN6lA9yfM=
-7,16,t0+MLCEaPyhAF0uc57PRbZs0l8I=,lADWsnB8Fmovj3b02IVN6lA9yfM=
-5,24,t0+MLCEaPyhAF0uc57PRbZs0l8I=,lADWsnB8Fmovj3b02IVN6lA9yfM=
-5,21,t0+MLCEaPyhAF0uc57PRbZs0l8I=,lADWsnB8Fmovj3b02IVN6lA9yfM=
-6,21,t0+MLCEaPyhAF0uc57PRbZs0l8I=,lADWsnB8Fmovj3b02IVN6lA9yfM=
-8,24,t0+MLCEaPyhAF0uc57PRbZs0l8I=,lADWsnB8Fmovj3b02IVN6lA9yfM=
-8,16,2H1SqHV+gdiAMOM258cgt9g1x4w=,lADWsnB8Fmovj3b02IVN6lA9yfM=
-1,20,2H1SqHV+gdiAMOM258cgt9g1x4w=,lADWsnB8Fmovj3b02IVN6lA9yfM=
-1,24,2H1SqHV+gdiAMOM258cgt9g1x4w=,lADWsnB8Fmovj3b02IVN6lA9yfM=
-6,24,2H1SqHV+gdiAMOM258cgt9g1x4w=,lADWsnB8Fmovj3b02IVN6lA9yfM=
-7,21,2H1SqHV+gdiAMOM258cgt9g1x4w=,lADWsnB8Fmovj3b02IVN6lA9yfM=
-8,17,2H1SqHV+gdiAMOM258cgt9g1x4w=,lADWsnB8Fmovj3b02IVN6lA9yfM=
-9,23,2H1SqHV+gdiAMOM258cgt9g1x4w=,lADWsnB8Fmovj3b02IVN6lA9yfM=
-10,23,2H1SqHV+gdiAMOM258cgt9g1x4w=,lADWsnB8Fmovj3b02IVN6lA9yfM=
-2,20,2H1SqHV+gdiAMOM258cgt9g1x4w=,lADWsnB8Fmovj3b02IVN6lA9yfM=
-11,23,2H1SqHV+gdiAMOM258cgt9g1x4w=,lADWsnB8Fmovj3b02IVN6lA9yfM=
-8,18,2H1SqHV+gdiAMOM258cgt9g1x4w=,lADWsnB8Fmovj3b02IVN6lA9yfM=
-3,20,2H1SqHV+gdiAMOM258cgt9g1x4w=,lADWsnB8Fmovj3b02IVN6lA9yfM=
-4,20,2H1SqHV+gdiAMOM258cgt9g1x4w=,lADWsnB8Fmovj3b02IVN6lA9yfM=
-8,22,2H1SqHV+gdiAMOM258cgt9g1x4w=,lADWsnB8Fmovj3b02IVN6lA9yfM=
-5,20,2H1SqHV+gdiAMOM258cgt9g1x4w=,lADWsnB8Fmovj3b02IVN6lA9yfM=
-13,19,2H1SqHV+gdiAMOM258cgt9g1x4w=,lADWsnB8Fmovj3b02IVN6lA9yfM=
-14,19,2H1SqHV+gdiAMOM258cgt9g1x4w=,lADWsnB8Fmovj3b02IVN6lA9yfM=
-6,20,2H1SqHV+gdiAMOM258cgt9g1x4w=,lADWsnB8Fmovj3b02IVN6lA9yfM=
-15,19,2H1SqHV+gdiAMOM258cgt9g1x4w=,lADWsnB8Fmovj3b02IVN6lA9yfM=
-8,19,2H1SqHV+gdiAMOM258cgt9g1x4w=,lADWsnB8Fmovj3b02IVN6lA9yfM=
-1,23,2H1SqHV+gdiAMOM258cgt9g1x4w=,lADWsnB8Fmovj3b02IVN6lA9yfM=
-16,19,2H1SqHV+gdiAMOM258cgt9g1x4w=,lADWsnB8Fmovj3b02IVN6lA9yfM=
-2,23,2H1SqHV+gdiAMOM258cgt9g1x4w=,lADWsnB8Fmovj3b02IVN6lA9yfM=
-7,20,2H1SqHV+gdiAMOM258cgt9g1x4w=,lADWsnB8Fmovj3b02IVN6lA9yfM=
-7,24,2H1SqHV+gdiAMOM258cgt9g1x4w=,lADWsnB8Fmovj3b02IVN6lA9yfM=
-8,20,2H1SqHV+gdiAMOM258cgt9g1x4w=,lADWsnB8Fmovj3b02IVN6lA9yfM=
-3,23,2H1SqHV+gdiAMOM258cgt9g1x4w=,lADWsnB8Fmovj3b02IVN6lA9yfM=
-4,23,2H1SqHV+gdiAMOM258cgt9g1x4w=,lADWsnB8Fmovj3b02IVN6lA9yfM=
-8,23,2H1SqHV+gdiAMOM258cgt9g1x4w=,lADWsnB8Fmovj3b02IVN6lA9yfM=
-5,23,2H1SqHV+gdiAMOM258cgt9g1x4w=,lADWsnB8Fmovj3b02IVN6lA9yfM=
-6,23,2H1SqHV+gdiAMOM258cgt9g1x4w=,lADWsnB8Fmovj3b02IVN6lA9yfM=
-7,23,2H1SqHV+gdiAMOM258cgt9g1x4w=,lADWsnB8Fmovj3b02IVN6lA9yfM=
-12,19,2H1SqHV+gdiAMOM258cgt9g1x4w=,lADWsnB8Fmovj3b02IVN6lA9yfM=
-9,18,2H1SqHV+gdiAMOM258cgt9g1x4w=,lADWsnB8Fmovj3b02IVN6lA9yfM=
-2,22,2H1SqHV+gdiAMOM258cgt9g1x4w=,lADWsnB8Fmovj3b02IVN6lA9yfM=
-11,19,2H1SqHV+gdiAMOM258cgt9g1x4w=,lADWsnB8Fmovj3b02IVN6lA9yfM=
-3,22,2H1SqHV+gdiAMOM258cgt9g1x4w=,lADWsnB8Fmovj3b02IVN6lA9yfM=
-10,19,2H1SqHV+gdiAMOM258cgt9g1x4w=,lADWsnB8Fmovj3b02IVN6lA9yfM=
-1,22,2H1SqHV+gdiAMOM258cgt9g1x4w=,lADWsnB8Fmovj3b02IVN6lA9yfM=
-4,22,2H1SqHV+gdiAMOM258cgt9g1x4w=,lADWsnB8Fmovj3b02IVN6lA9yfM=
-5,22,2H1SqHV+gdiAMOM258cgt9g1x4w=,lADWsnB8Fmovj3b02IVN6lA9yfM=
-13,23,2H1SqHV+gdiAMOM258cgt9g1x4w=,lADWsnB8Fmovj3b02IVN6lA9yfM=
-9,19,2H1SqHV+gdiAMOM258cgt9g1x4w=,lADWsnB8Fmovj3b02IVN6lA9yfM=
-16,20,2H1SqHV+gdiAMOM258cgt9g1x4w=,lADWsnB8Fmovj3b02IVN6lA9yfM=
-10,18,2H1SqHV+gdiAMOM258cgt9g1x4w=,lADWsnB8Fmovj3b02IVN6lA9yfM=
-15,20,2H1SqHV+gdiAMOM258cgt9g1x4w=,lADWsnB8Fmovj3b02IVN6lA9yfM=
-14,20,2H1SqHV+gdiAMOM258cgt9g1x4w=,lADWsnB8Fmovj3b02IVN6lA9yfM=
-13,20,2H1SqHV+gdiAMOM258cgt9g1x4w=,lADWsnB8Fmovj3b02IVN6lA9yfM=
-12,20,2H1SqHV+gdiAMOM258cgt9g1x4w=,lADWsnB8Fmovj3b02IVN6lA9yfM=
-16,16,2H1SqHV+gdiAMOM258cgt9g1x4w=,lADWsnB8Fmovj3b02IVN6lA9yfM=
-15,16,2H1SqHV+gdiAMOM258cgt9g1x4w=,lADWsnB8Fmovj3b02IVN6lA9yfM=
-14,16,2H1SqHV+gdiAMOM258cgt9g1x4w=,lADWsnB8Fmovj3b02IVN6lA9yfM=
-13,16,2H1SqHV+gdiAMOM258cgt9g1x4w=,lADWsnB8Fmovj3b02IVN6lA9yfM=
-12,16,2H1SqHV+gdiAMOM258cgt9g1x4w=,lADWsnB8Fmovj3b02IVN6lA9yfM=
-12,23,2H1SqHV+gdiAMOM258cgt9g1x4w=,lADWsnB8Fmovj3b02IVN6lA9yfM=
-11,20,2H1SqHV+gdiAMOM258cgt9g1x4w=,lADWsnB8Fmovj3b02IVN6lA9yfM=
-1,19,2H1SqHV+gdiAMOM258cgt9g1x4w=,lADWsnB8Fmovj3b02IVN6lA9yfM=
-10,20,2H1SqHV+gdiAMOM258cgt9g1x4w=,lADWsnB8Fmovj3b02IVN6lA9yfM=
-2,19,2H1SqHV+gdiAMOM258cgt9g1x4w=,lADWsnB8Fmovj3b02IVN6lA9yfM=
-14,23,2H1SqHV+gdiAMOM258cgt9g1x4w=,lADWsnB8Fmovj3b02IVN6lA9yfM=
-15,23,2H1SqHV+gdiAMOM258cgt9g1x4w=,lADWsnB8Fmovj3b02IVN6lA9yfM=
-9,20,2H1SqHV+gdiAMOM258cgt9g1x4w=,lADWsnB8Fmovj3b02IVN6lA9yfM=
-11,16,2H1SqHV+gdiAMOM258cgt9g1x4w=,lADWsnB8Fmovj3b02IVN6lA9yfM=
-6,22,2H1SqHV+gdiAMOM258cgt9g1x4w=,lADWsnB8Fmovj3b02IVN6lA9yfM=
-16,23,2H1SqHV+gdiAMOM258cgt9g1x4w=,lADWsnB8Fmovj3b02IVN6lA9yfM=
-16,21,2H1SqHV+gdiAMOM258cgt9g1x4w=,lADWsnB8Fmovj3b02IVN6lA9yfM=
-11,18,2H1SqHV+gdiAMOM258cgt9g1x4w=,lADWsnB8Fmovj3b02IVN6lA9yfM=
-9,22,2H1SqHV+gdiAMOM258cgt9g1x4w=,lADWsnB8Fmovj3b02IVN6lA9yfM=
-15,21,2H1SqHV+gdiAMOM258cgt9g1x4w=,lADWsnB8Fmovj3b02IVN6lA9yfM=
-3,19,2H1SqHV+gdiAMOM258cgt9g1x4w=,lADWsnB8Fmovj3b02IVN6lA9yfM=
-4,19,2H1SqHV+gdiAMOM258cgt9g1x4w=,lADWsnB8Fmovj3b02IVN6lA9yfM=
-14,21,2H1SqHV+gdiAMOM258cgt9g1x4w=,lADWsnB8Fmovj3b02IVN6lA9yfM=
-12,18,2H1SqHV+gdiAMOM258cgt9g1x4w=,lADWsnB8Fmovj3b02IVN6lA9yfM=
-10,16,2H1SqHV+gdiAMOM258cgt9g1x4w=,lADWsnB8Fmovj3b02IVN6lA9yfM=
-7,22,2H1SqHV+gdiAMOM258cgt9g1x4w=,lADWsnB8Fmovj3b02IVN6lA9yfM=
-5,19,2H1SqHV+gdiAMOM258cgt9g1x4w=,lADWsnB8Fmovj3b02IVN6lA9yfM=
-13,21,2H1SqHV+gdiAMOM258cgt9g1x4w=,lADWsnB8Fmovj3b02IVN6lA9yfM=
-6,19,2H1SqHV+gdiAMOM258cgt9g1x4w=,lADWsnB8Fmovj3b02IVN6lA9yfM=
-13,18,2H1SqHV+gdiAMOM258cgt9g1x4w=,lADWsnB8Fmovj3b02IVN6lA9yfM=
-14,18,2H1SqHV+gdiAMOM258cgt9g1x4w=,lADWsnB8Fmovj3b02IVN6lA9yfM=
-12,21,2H1SqHV+gdiAMOM258cgt9g1x4w=,lADWsnB8Fmovj3b02IVN6lA9yfM=
-10,22,2H1SqHV+gdiAMOM258cgt9g1x4w=,lADWsnB8Fmovj3b02IVN6lA9yfM=
-7,19,2H1SqHV+gdiAMOM258cgt9g1x4w=,lADWsnB8Fmovj3b02IVN6lA9yfM=
-9,16,2H1SqHV+gdiAMOM258cgt9g1x4w=,lADWsnB8Fmovj3b02IVN6lA9yfM=
-2,18,2H1SqHV+gdiAMOM258cgt9g1x4w=,lADWsnB8Fmovj3b02IVN6lA9yfM=
-11,21,2H1SqHV+gdiAMOM258cgt9g1x4w=,lADWsnB8Fmovj3b02IVN6lA9yfM=
-3,18,2H1SqHV+gdiAMOM258cgt9g1x4w=,lADWsnB8Fmovj3b02IVN6lA9yfM=
-16,17,2H1SqHV+gdiAMOM258cgt9g1x4w=,lADWsnB8Fmovj3b02IVN6lA9yfM=
-4,18,2H1SqHV+gdiAMOM258cgt9g1x4w=,lADWsnB8Fmovj3b02IVN6lA9yfM=
-15,17,2H1SqHV+gdiAMOM258cgt9g1x4w=,lADWsnB8Fmovj3b02IVN6lA9yfM=
-5,18,2H1SqHV+gdiAMOM258cgt9g1x4w=,lADWsnB8Fmovj3b02IVN6lA9yfM=
-10,21,2H1SqHV+gdiAMOM258cgt9g1x4w=,lADWsnB8Fmovj3b02IVN6lA9yfM=
-1,18,2H1SqHV+gdiAMOM258cgt9g1x4w=,lADWsnB8Fmovj3b02IVN6lA9yfM=
-15,18,2H1SqHV+gdiAMOM258cgt9g1x4w=,lADWsnB8Fmovj3b02IVN6lA9yfM=
-9,21,2H1SqHV+gdiAMOM258cgt9g1x4w=,lADWsnB8Fmovj3b02IVN6lA9yfM=
-7,18,2H1SqHV+gdiAMOM258cgt9g1x4w=,lADWsnB8Fmovj3b02IVN6lA9yfM=
-14,17,2H1SqHV+gdiAMOM258cgt9g1x4w=,lADWsnB8Fmovj3b02IVN6lA9yfM=
-1,21,2H1SqHV+gdiAMOM258cgt9g1x4w=,lADWsnB8Fmovj3b02IVN6lA9yfM=
-13,17,2H1SqHV+gdiAMOM258cgt9g1x4w=,lADWsnB8Fmovj3b02IVN6lA9yfM=
-1,17,2H1SqHV+gdiAMOM258cgt9g1x4w=,lADWsnB8Fmovj3b02IVN6lA9yfM=
-8,21,2H1SqHV+gdiAMOM258cgt9g1x4w=,lADWsnB8Fmovj3b02IVN6lA9yfM=
-6,18,2H1SqHV+gdiAMOM258cgt9g1x4w=,lADWsnB8Fmovj3b02IVN6lA9yfM=
-2,17,2H1SqHV+gdiAMOM258cgt9g1x4w=,lADWsnB8Fmovj3b02IVN6lA9yfM=
-16,22,2H1SqHV+gdiAMOM258cgt9g1x4w=,lADWsnB8Fmovj3b02IVN6lA9yfM=
-16,24,2H1SqHV+gdiAMOM258cgt9g1x4w=,lADWsnB8Fmovj3b02IVN6lA9yfM=
-15,24,2H1SqHV+gdiAMOM258cgt9g1x4w=,lADWsnB8Fmovj3b02IVN6lA9yfM=
-14,24,2H1SqHV+gdiAMOM258cgt9g1x4w=,lADWsnB8Fmovj3b02IVN6lA9yfM=
-13,24,2H1SqHV+gdiAMOM258cgt9g1x4w=,lADWsnB8Fmovj3b02IVN6lA9yfM=
-12,24,2H1SqHV+gdiAMOM258cgt9g1x4w=,lADWsnB8Fmovj3b02IVN6lA9yfM=
-11,24,2H1SqHV+gdiAMOM258cgt9g1x4w=,lADWsnB8Fmovj3b02IVN6lA9yfM=
-10,24,2H1SqHV+gdiAMOM258cgt9g1x4w=,lADWsnB8Fmovj3b02IVN6lA9yfM=
-12,17,2H1SqHV+gdiAMOM258cgt9g1x4w=,lADWsnB8Fmovj3b02IVN6lA9yfM=
-9,24,2H1SqHV+gdiAMOM258cgt9g1x4w=,lADWsnB8Fmovj3b02IVN6lA9yfM=
-16,18,2H1SqHV+gdiAMOM258cgt9g1x4w=,lADWsnB8Fmovj3b02IVN6lA9yfM=
-11,17,2H1SqHV+gdiAMOM258cgt9g1x4w=,lADWsnB8Fmovj3b02IVN6lA9yfM=
-11,22,2H1SqHV+gdiAMOM258cgt9g1x4w=,lADWsnB8Fmovj3b02IVN6lA9yfM=
-12,22,2H1SqHV+gdiAMOM258cgt9g1x4w=,lADWsnB8Fmovj3b02IVN6lA9yfM=
-10,17,2H1SqHV+gdiAMOM258cgt9g1x4w=,lADWsnB8Fmovj3b02IVN6lA9yfM=
-15,22,2H1SqHV+gdiAMOM258cgt9g1x4w=,lADWsnB8Fmovj3b02IVN6lA9yfM=
-9,17,2H1SqHV+gdiAMOM258cgt9g1x4w=,lADWsnB8Fmovj3b02IVN6lA9yfM=
-14,22,2H1SqHV+gdiAMOM258cgt9g1x4w=,lADWsnB8Fmovj3b02IVN6lA9yfM=
-13,22,2H1SqHV+gdiAMOM258cgt9g1x4w=,lADWsnB8Fmovj3b02IVN6lA9yfM=
-4,17,2H1SqHV+gdiAMOM258cgt9g1x4w=,lADWsnB8Fmovj3b02IVN6lA9yfM=
-5,17,2H1SqHV+gdiAMOM258cgt9g1x4w=,lADWsnB8Fmovj3b02IVN6lA9yfM=
-3,17,2H1SqHV+gdiAMOM258cgt9g1x4w=,lADWsnB8Fmovj3b02IVN6lA9yfM=
-6,17,2H1SqHV+gdiAMOM258cgt9g1x4w=,lADWsnB8Fmovj3b02IVN6lA9yfM=
-7,17,2H1SqHV+gdiAMOM258cgt9g1x4w=,lADWsnB8Fmovj3b02IVN6lA9yfM=
-1,16,2H1SqHV+gdiAMOM258cgt9g1x4w=,lADWsnB8Fmovj3b02IVN6lA9yfM=
-2,16,2H1SqHV+gdiAMOM258cgt9g1x4w=,lADWsnB8Fmovj3b02IVN6lA9yfM=
-3,21,2H1SqHV+gdiAMOM258cgt9g1x4w=,lADWsnB8Fmovj3b02IVN6lA9yfM=
-3,16,2H1SqHV+gdiAMOM258cgt9g1x4w=,lADWsnB8Fmovj3b02IVN6lA9yfM=
-4,16,2H1SqHV+gdiAMOM258cgt9g1x4w=,lADWsnB8Fmovj3b02IVN6lA9yfM=
-5,16,2H1SqHV+gdiAMOM258cgt9g1x4w=,lADWsnB8Fmovj3b02IVN6lA9yfM=
-6,16,2H1SqHV+gdiAMOM258cgt9g1x4w=,lADWsnB8Fmovj3b02IVN6lA9yfM=
-2,21,2H1SqHV+gdiAMOM258cgt9g1x4w=,lADWsnB8Fmovj3b02IVN6lA9yfM=
-12,3,ejbkFZ/7MNTEGXQC7CdAyJKrww8=,lADWsnB8Fmovj3b02IVN6lA9yfM=
-14,3,olo51hiXUHQdnp2mJ9pR+SIkGoU=,lADWsnB8Fmovj3b02IVN6lA9yfM=
-13,3,olo51hiXUHQdnp2mJ9pR+SIkGoU=,lADWsnB8Fmovj3b02IVN6lA9yfM=
-15,3,olo51hiXUHQdnp2mJ9pR+SIkGoU=,lADWsnB8Fmovj3b02IVN6lA9yfM=
-10,6,olo51hiXUHQdnp2mJ9pR+SIkGoU=,lADWsnB8Fmovj3b02IVN6lA9yfM=
-11,6,olo51hiXUHQdnp2mJ9pR+SIkGoU=,lADWsnB8Fmovj3b02IVN6lA9yfM=
-10,2,olo51hiXUHQdnp2mJ9pR+SIkGoU=,lADWsnB8Fmovj3b02IVN6lA9yfM=
-11,2,olo51hiXUHQdnp2mJ9pR+SIkGoU=,lADWsnB8Fmovj3b02IVN6lA9yfM=
-12,6,olo51hiXUHQdnp2mJ9pR+SIkGoU=,lADWsnB8Fmovj3b02IVN6lA9yfM=
-13,6,olo51hiXUHQdnp2mJ9pR+SIkGoU=,lADWsnB8Fmovj3b02IVN6lA9yfM=
-12,2,olo51hiXUHQdnp2mJ9pR+SIkGoU=,lADWsnB8Fmovj3b02IVN6lA9yfM=
-13,2,olo51hiXUHQdnp2mJ9pR+SIkGoU=,lADWsnB8Fmovj3b02IVN6lA9yfM=
-14,6,olo51hiXUHQdnp2mJ9pR+SIkGoU=,lADWsnB8Fmovj3b02IVN6lA9yfM=
-15,6,olo51hiXUHQdnp2mJ9pR+SIkGoU=,lADWsnB8Fmovj3b02IVN6lA9yfM=
-14,2,olo51hiXUHQdnp2mJ9pR+SIkGoU=,lADWsnB8Fmovj3b02IVN6lA9yfM=
-10,5,olo51hiXUHQdnp2mJ9pR+SIkGoU=,lADWsnB8Fmovj3b02IVN6lA9yfM=
-15,2,olo51hiXUHQdnp2mJ9pR+SIkGoU=,lADWsnB8Fmovj3b02IVN6lA9yfM=
-11,5,olo51hiXUHQdnp2mJ9pR+SIkGoU=,lADWsnB8Fmovj3b02IVN6lA9yfM=
-10,1,GVAnxh0/YHSSV1p3qPNYWo7aXUc=,lADWsnB8Fmovj3b02IVN6lA9yfM=
-13,5,GVAnxh0/YHSSV1p3qPNYWo7aXUc=,lADWsnB8Fmovj3b02IVN6lA9yfM=
-11,1,GVAnxh0/YHSSV1p3qPNYWo7aXUc=,lADWsnB8Fmovj3b02IVN6lA9yfM=
-14,5,GVAnxh0/YHSSV1p3qPNYWo7aXUc=,lADWsnB8Fmovj3b02IVN6lA9yfM=
-12,5,GVAnxh0/YHSSV1p3qPNYWo7aXUc=,lADWsnB8Fmovj3b02IVN6lA9yfM=
-12,1,GVAnxh0/YHSSV1p3qPNYWo7aXUc=,lADWsnB8Fmovj3b02IVN6lA9yfM=
-13,1,GVAnxh0/YHSSV1p3qPNYWo7aXUc=,lADWsnB8Fmovj3b02IVN6lA9yfM=
-14,1,GVAnxh0/YHSSV1p3qPNYWo7aXUc=,lADWsnB8Fmovj3b02IVN6lA9yfM=
-15,1,GVAnxh0/YHSSV1p3qPNYWo7aXUc=,lADWsnB8Fmovj3b02IVN6lA9yfM=
-15,5,GVAnxh0/YHSSV1p3qPNYWo7aXUc=,lADWsnB8Fmovj3b02IVN6lA9yfM=
-10,4,GVAnxh0/YHSSV1p3qPNYWo7aXUc=,lADWsnB8Fmovj3b02IVN6lA9yfM=
-11,4,GVAnxh0/YHSSV1p3qPNYWo7aXUc=,lADWsnB8Fmovj3b02IVN6lA9yfM=
-12,4,GVAnxh0/YHSSV1p3qPNYWo7aXUc=,lADWsnB8Fmovj3b02IVN6lA9yfM=
-13,4,GVAnxh0/YHSSV1p3qPNYWo7aXUc=,lADWsnB8Fmovj3b02IVN6lA9yfM=
-14,4,GVAnxh0/YHSSV1p3qPNYWo7aXUc=,lADWsnB8Fmovj3b02IVN6lA9yfM=
-15,4,GVAnxh0/YHSSV1p3qPNYWo7aXUc=,lADWsnB8Fmovj3b02IVN6lA9yfM=
-10,3,GVAnxh0/YHSSV1p3qPNYWo7aXUc=,lADWsnB8Fmovj3b02IVN6lA9yfM=
-11,3,GVAnxh0/YHSSV1p3qPNYWo7aXUc=,lADWsnB8Fmovj3b02IVN6lA9yfM=
-4,5,GVAnxh0/YHSSV1p3qPNYWo7aXUc=,lADWsnB8Fmovj3b02IVN6lA9yfM=
-9,3,GVAnxh0/YHSSV1p3qPNYWo7aXUc=,lADWsnB8Fmovj3b02IVN6lA9yfM=
-3,5,GVAnxh0/YHSSV1p3qPNYWo7aXUc=,lADWsnB8Fmovj3b02IVN6lA9yfM=
-2,5,GVAnxh0/YHSSV1p3qPNYWo7aXUc=,lADWsnB8Fmovj3b02IVN6lA9yfM=
-8,6,GVAnxh0/YHSSV1p3qPNYWo7aXUc=,lADWsnB8Fmovj3b02IVN6lA9yfM=
-7,6,GVAnxh0/YHSSV1p3qPNYWo7aXUc=,lADWsnB8Fmovj3b02IVN6lA9yfM=
-6,6,GVAnxh0/YHSSV1p3qPNYWo7aXUc=,lADWsnB8Fmovj3b02IVN6lA9yfM=
-5,6,GVAnxh0/YHSSV1p3qPNYWo7aXUc=,lADWsnB8Fmovj3b02IVN6lA9yfM=
-4,6,GVAnxh0/YHSSV1p3qPNYWo7aXUc=,lADWsnB8Fmovj3b02IVN6lA9yfM=
-3,6,GVAnxh0/YHSSV1p3qPNYWo7aXUc=,lADWsnB8Fmovj3b02IVN6lA9yfM=
-2,6,GVAnxh0/YHSSV1p3qPNYWo7aXUc=,lADWsnB8Fmovj3b02IVN6lA9yfM=
-9,4,GVAnxh0/YHSSV1p3qPNYWo7aXUc=,lADWsnB8Fmovj3b02IVN6lA9yfM=
-8,1,GVAnxh0/YHSSV1p3qPNYWo7aXUc=,lADWsnB8Fmovj3b02IVN6lA9yfM=
-7,1,GVAnxh0/YHSSV1p3qPNYWo7aXUc=,lADWsnB8Fmovj3b02IVN6lA9yfM=
-6,1,GVAnxh0/YHSSV1p3qPNYWo7aXUc=,lADWsnB8Fmovj3b02IVN6lA9yfM=
-5,1,GVAnxh0/YHSSV1p3qPNYWo7aXUc=,lADWsnB8Fmovj3b02IVN6lA9yfM=
-4,1,GVAnxh0/YHSSV1p3qPNYWo7aXUc=,lADWsnB8Fmovj3b02IVN6lA9yfM=
-1,5,GVAnxh0/YHSSV1p3qPNYWo7aXUc=,lADWsnB8Fmovj3b02IVN6lA9yfM=
-3,1,GVAnxh0/YHSSV1p3qPNYWo7aXUc=,lADWsnB8Fmovj3b02IVN6lA9yfM=
-1,6,GVAnxh0/YHSSV1p3qPNYWo7aXUc=,lADWsnB8Fmovj3b02IVN6lA9yfM=
-9,1,GVAnxh0/YHSSV1p3qPNYWo7aXUc=,lADWsnB8Fmovj3b02IVN6lA9yfM=
-1,1,GVAnxh0/YHSSV1p3qPNYWo7aXUc=,lADWsnB8Fmovj3b02IVN6lA9yfM=
-9,5,GVAnxh0/YHSSV1p3qPNYWo7aXUc=,lADWsnB8Fmovj3b02IVN6lA9yfM=
-2,1,GVAnxh0/YHSSV1p3qPNYWo7aXUc=,lADWsnB8Fmovj3b02IVN6lA9yfM=
-1,2,GVAnxh0/YHSSV1p3qPNYWo7aXUc=,lADWsnB8Fmovj3b02IVN6lA9yfM=
-8,2,GVAnxh0/YHSSV1p3qPNYWo7aXUc=,lADWsnB8Fmovj3b02IVN6lA9yfM=
-1,3,GVAnxh0/YHSSV1p3qPNYWo7aXUc=,lADWsnB8Fmovj3b02IVN6lA9yfM=
-7,2,GVAnxh0/YHSSV1p3qPNYWo7aXUc=,lADWsnB8Fmovj3b02IVN6lA9yfM=
-1,4,GVAnxh0/YHSSV1p3qPNYWo7aXUc=,lADWsnB8Fmovj3b02IVN6lA9yfM=
-6,2,GVAnxh0/YHSSV1p3qPNYWo7aXUc=,lADWsnB8Fmovj3b02IVN6lA9yfM=
-5,2,GVAnxh0/YHSSV1p3qPNYWo7aXUc=,lADWsnB8Fmovj3b02IVN6lA9yfM=
-4,2,GVAnxh0/YHSSV1p3qPNYWo7aXUc=,lADWsnB8Fmovj3b02IVN6lA9yfM=
-3,2,GVAnxh0/YHSSV1p3qPNYWo7aXUc=,lADWsnB8Fmovj3b02IVN6lA9yfM=
-5,5,GVAnxh0/YHSSV1p3qPNYWo7aXUc=,lADWsnB8Fmovj3b02IVN6lA9yfM=
-2,2,GVAnxh0/YHSSV1p3qPNYWo7aXUc=,lADWsnB8Fmovj3b02IVN6lA9yfM=
-6,5,GVAnxh0/YHSSV1p3qPNYWo7aXUc=,lADWsnB8Fmovj3b02IVN6lA9yfM=
-8,3,GVAnxh0/YHSSV1p3qPNYWo7aXUc=,lADWsnB8Fmovj3b02IVN6lA9yfM=
-7,3,GVAnxh0/YHSSV1p3qPNYWo7aXUc=,lADWsnB8Fmovj3b02IVN6lA9yfM=
-6,3,GVAnxh0/YHSSV1p3qPNYWo7aXUc=,lADWsnB8Fmovj3b02IVN6lA9yfM=
-9,2,GVAnxh0/YHSSV1p3qPNYWo7aXUc=,lADWsnB8Fmovj3b02IVN6lA9yfM=
-5,3,GVAnxh0/YHSSV1p3qPNYWo7aXUc=,lADWsnB8Fmovj3b02IVN6lA9yfM=
-4,3,GVAnxh0/YHSSV1p3qPNYWo7aXUc=,lADWsnB8Fmovj3b02IVN6lA9yfM=
-3,3,GVAnxh0/YHSSV1p3qPNYWo7aXUc=,lADWsnB8Fmovj3b02IVN6lA9yfM=
-2,3,GVAnxh0/YHSSV1p3qPNYWo7aXUc=,lADWsnB8Fmovj3b02IVN6lA9yfM=
-9,6,GVAnxh0/YHSSV1p3qPNYWo7aXUc=,lADWsnB8Fmovj3b02IVN6lA9yfM=
-16,4,GVAnxh0/YHSSV1p3qPNYWo7aXUc=,lADWsnB8Fmovj3b02IVN6lA9yfM=
-7,5,GVAnxh0/YHSSV1p3qPNYWo7aXUc=,lADWsnB8Fmovj3b02IVN6lA9yfM=
-8,4,GVAnxh0/YHSSV1p3qPNYWo7aXUc=,lADWsnB8Fmovj3b02IVN6lA9yfM=
-16,5,GVAnxh0/YHSSV1p3qPNYWo7aXUc=,lADWsnB8Fmovj3b02IVN6lA9yfM=
-7,4,GVAnxh0/YHSSV1p3qPNYWo7aXUc=,lADWsnB8Fmovj3b02IVN6lA9yfM=
-16,1,GVAnxh0/YHSSV1p3qPNYWo7aXUc=,lADWsnB8Fmovj3b02IVN6lA9yfM=
-6,4,GVAnxh0/YHSSV1p3qPNYWo7aXUc=,lADWsnB8Fmovj3b02IVN6lA9yfM=
-16,2,GVAnxh0/YHSSV1p3qPNYWo7aXUc=,lADWsnB8Fmovj3b02IVN6lA9yfM=
-16,6,GVAnxh0/YHSSV1p3qPNYWo7aXUc=,lADWsnB8Fmovj3b02IVN6lA9yfM=
-8,5,GVAnxh0/YHSSV1p3qPNYWo7aXUc=,lADWsnB8Fmovj3b02IVN6lA9yfM=
-16,3,GVAnxh0/YHSSV1p3qPNYWo7aXUc=,lADWsnB8Fmovj3b02IVN6lA9yfM=
-3,4,GVAnxh0/YHSSV1p3qPNYWo7aXUc=,lADWsnB8Fmovj3b02IVN6lA9yfM=
-4,4,GVAnxh0/YHSSV1p3qPNYWo7aXUc=,lADWsnB8Fmovj3b02IVN6lA9yfM=
-2,4,GVAnxh0/YHSSV1p3qPNYWo7aXUc=,lADWsnB8Fmovj3b02IVN6lA9yfM=
-10,0,GVAnxh0/YHSSV1p3qPNYWo7aXUc=,lADWsnB8Fmovj3b02IVN6lA9yfM=
-15,0,GVAnxh0/YHSSV1p3qPNYWo7aXUc=,lADWsnB8Fmovj3b02IVN6lA9yfM=
-8,0,GVAnxh0/YHSSV1p3qPNYWo7aXUc=,lADWsnB8Fmovj3b02IVN6lA9yfM=
-11,0,GVAnxh0/YHSSV1p3qPNYWo7aXUc=,lADWsnB8Fmovj3b02IVN6lA9yfM=
-14,0,GVAnxh0/YHSSV1p3qPNYWo7aXUc=,lADWsnB8Fmovj3b02IVN6lA9yfM=
-7,0,GVAnxh0/YHSSV1p3qPNYWo7aXUc=,lADWsnB8Fmovj3b02IVN6lA9yfM=
-12,0,GVAnxh0/YHSSV1p3qPNYWo7aXUc=,lADWsnB8Fmovj3b02IVN6lA9yfM=
-13,0,GVAnxh0/YHSSV1p3qPNYWo7aXUc=,lADWsnB8Fmovj3b02IVN6lA9yfM=
-6,0,GVAnxh0/YHSSV1p3qPNYWo7aXUc=,lADWsnB8Fmovj3b02IVN6lA9yfM=
-9,0,GVAnxh0/YHSSV1p3qPNYWo7aXUc=,lADWsnB8Fmovj3b02IVN6lA9yfM=
-5,0,GVAnxh0/YHSSV1p3qPNYWo7aXUc=,lADWsnB8Fmovj3b02IVN6lA9yfM=
-1,0,GVAnxh0/YHSSV1p3qPNYWo7aXUc=,lADWsnB8Fmovj3b02IVN6lA9yfM=
-16,0,GVAnxh0/YHSSV1p3qPNYWo7aXUc=,lADWsnB8Fmovj3b02IVN6lA9yfM=
-4,0,GVAnxh0/YHSSV1p3qPNYWo7aXUc=,lADWsnB8Fmovj3b02IVN6lA9yfM=
-2,0,GVAnxh0/YHSSV1p3qPNYWo7aXUc=,lADWsnB8Fmovj3b02IVN6lA9yfM=
-3,0,GVAnxh0/YHSSV1p3qPNYWo7aXUc=,lADWsnB8Fmovj3b02IVN6lA9yfM=
-12,11,GVAnxh0/YHSSV1p3qPNYWo7aXUc=,lADWsnB8Fmovj3b02IVN6lA9yfM=
-11,11,GVAnxh0/YHSSV1p3qPNYWo7aXUc=,lADWsnB8Fmovj3b02IVN6lA9yfM=
-10,11,GVAnxh0/YHSSV1p3qPNYWo7aXUc=,lADWsnB8Fmovj3b02IVN6lA9yfM=
-4,15,GVAnxh0/YHSSV1p3qPNYWo7aXUc=,lADWsnB8Fmovj3b02IVN6lA9yfM=
-5,4,GVAnxh0/YHSSV1p3qPNYWo7aXUc=,lADWsnB8Fmovj3b02IVN6lA9yfM=
-3,13,GVAnxh0/YHSSV1p3qPNYWo7aXUc=,lADWsnB8Fmovj3b02IVN6lA9yfM=
-16,8,GVAnxh0/YHSSV1p3qPNYWo7aXUc=,lADWsnB8Fmovj3b02IVN6lA9yfM=
-2,13,GVAnxh0/YHSSV1p3qPNYWo7aXUc=,lADWsnB8Fmovj3b02IVN6lA9yfM=
-9,7,GVAnxh0/YHSSV1p3qPNYWo7aXUc=,lADWsnB8Fmovj3b02IVN6lA9yfM=
-15,8,GVAnxh0/YHSSV1p3qPNYWo7aXUc=,lADWsnB8Fmovj3b02IVN6lA9yfM=
-1,13,GVAnxh0/YHSSV1p3qPNYWo7aXUc=,lADWsnB8Fmovj3b02IVN6lA9yfM=
-5,15,GVAnxh0/YHSSV1p3qPNYWo7aXUc=,lADWsnB8Fmovj3b02IVN6lA9yfM=
-14,8,GVAnxh0/YHSSV1p3qPNYWo7aXUc=,lADWsnB8Fmovj3b02IVN6lA9yfM=
-3,15,GVAnxh0/YHSSV1p3qPNYWo7aXUc=,lADWsnB8Fmovj3b02IVN6lA9yfM=
-6,15,GVAnxh0/YHSSV1p3qPNYWo7aXUc=,lADWsnB8Fmovj3b02IVN6lA9yfM=
-13,8,GVAnxh0/YHSSV1p3qPNYWo7aXUc=,lADWsnB8Fmovj3b02IVN6lA9yfM=
-2,15,GVAnxh0/YHSSV1p3qPNYWo7aXUc=,lADWsnB8Fmovj3b02IVN6lA9yfM=
-9,15,GVAnxh0/YHSSV1p3qPNYWo7aXUc=,lADWsnB8Fmovj3b02IVN6lA9yfM=
-12,8,GVAnxh0/YHSSV1p3qPNYWo7aXUc=,lADWsnB8Fmovj3b02IVN6lA9yfM=
-8,9,GVAnxh0/YHSSV1p3qPNYWo7aXUc=,lADWsnB8Fmovj3b02IVN6lA9yfM=
-7,9,GVAnxh0/YHSSV1p3qPNYWo7aXUc=,lADWsnB8Fmovj3b02IVN6lA9yfM=
-16,12,GVAnxh0/YHSSV1p3qPNYWo7aXUc=,lADWsnB8Fmovj3b02IVN6lA9yfM=
-5,9,GVAnxh0/YHSSV1p3qPNYWo7aXUc=,lADWsnB8Fmovj3b02IVN6lA9yfM=
-8,14,GVAnxh0/YHSSV1p3qPNYWo7aXUc=,lADWsnB8Fmovj3b02IVN6lA9yfM=
-15,12,GVAnxh0/YHSSV1p3qPNYWo7aXUc=,lADWsnB8Fmovj3b02IVN6lA9yfM=
-7,11,GVAnxh0/YHSSV1p3qPNYWo7aXUc=,lADWsnB8Fmovj3b02IVN6lA9yfM=
-16,9,GVAnxh0/YHSSV1p3qPNYWo7aXUc=,lADWsnB8Fmovj3b02IVN6lA9yfM=
-1,12,GVAnxh0/YHSSV1p3qPNYWo7aXUc=,lADWsnB8Fmovj3b02IVN6lA9yfM=
-15,9,GVAnxh0/YHSSV1p3qPNYWo7aXUc=,lADWsnB8Fmovj3b02IVN6lA9yfM=
-14,9,GVAnxh0/YHSSV1p3qPNYWo7aXUc=,lADWsnB8Fmovj3b02IVN6lA9yfM=
-6,11,GVAnxh0/YHSSV1p3qPNYWo7aXUc=,lADWsnB8Fmovj3b02IVN6lA9yfM=
-13,9,GVAnxh0/YHSSV1p3qPNYWo7aXUc=,lADWsnB8Fmovj3b02IVN6lA9yfM=
-12,9,GVAnxh0/YHSSV1p3qPNYWo7aXUc=,lADWsnB8Fmovj3b02IVN6lA9yfM=
-11,9,GVAnxh0/YHSSV1p3qPNYWo7aXUc=,lADWsnB8Fmovj3b02IVN6lA9yfM=
-5,11,GVAnxh0/YHSSV1p3qPNYWo7aXUc=,lADWsnB8Fmovj3b02IVN6lA9yfM=
-10,9,GVAnxh0/YHSSV1p3qPNYWo7aXUc=,lADWsnB8Fmovj3b02IVN6lA9yfM=
-16,10,GVAnxh0/YHSSV1p3qPNYWo7aXUc=,lADWsnB8Fmovj3b02IVN6lA9yfM=
-4,11,GVAnxh0/YHSSV1p3qPNYWo7aXUc=,lADWsnB8Fmovj3b02IVN6lA9yfM=
-15,10,GVAnxh0/YHSSV1p3qPNYWo7aXUc=,lADWsnB8Fmovj3b02IVN6lA9yfM=
-14,12,GVAnxh0/YHSSV1p3qPNYWo7aXUc=,lADWsnB8Fmovj3b02IVN6lA9yfM=
-7,12,GVAnxh0/YHSSV1p3qPNYWo7aXUc=,lADWsnB8Fmovj3b02IVN6lA9yfM=
-13,12,GVAnxh0/YHSSV1p3qPNYWo7aXUc=,lADWsnB8Fmovj3b02IVN6lA9yfM=
-14,10,GVAnxh0/YHSSV1p3qPNYWo7aXUc=,lADWsnB8Fmovj3b02IVN6lA9yfM=
-12,12,GVAnxh0/YHSSV1p3qPNYWo7aXUc=,lADWsnB8Fmovj3b02IVN6lA9yfM=
-13,10,GVAnxh0/YHSSV1p3qPNYWo7aXUc=,lADWsnB8Fmovj3b02IVN6lA9yfM=
-12,10,GVAnxh0/YHSSV1p3qPNYWo7aXUc=,lADWsnB8Fmovj3b02IVN6lA9yfM=
-11,10,GVAnxh0/YHSSV1p3qPNYWo7aXUc=,lADWsnB8Fmovj3b02IVN6lA9yfM=
-11,12,GVAnxh0/YHSSV1p3qPNYWo7aXUc=,lADWsnB8Fmovj3b02IVN6lA9yfM=
-10,10,GVAnxh0/YHSSV1p3qPNYWo7aXUc=,lADWsnB8Fmovj3b02IVN6lA9yfM=
-10,12,GVAnxh0/YHSSV1p3qPNYWo7aXUc=,lADWsnB8Fmovj3b02IVN6lA9yfM=
-16,13,GVAnxh0/YHSSV1p3qPNYWo7aXUc=,lADWsnB8Fmovj3b02IVN6lA9yfM=
-15,13,GVAnxh0/YHSSV1p3qPNYWo7aXUc=,lADWsnB8Fmovj3b02IVN6lA9yfM=
-14,13,GVAnxh0/YHSSV1p3qPNYWo7aXUc=,lADWsnB8Fmovj3b02IVN6lA9yfM=
-13,13,GVAnxh0/YHSSV1p3qPNYWo7aXUc=,lADWsnB8Fmovj3b02IVN6lA9yfM=
-12,13,GVAnxh0/YHSSV1p3qPNYWo7aXUc=,lADWsnB8Fmovj3b02IVN6lA9yfM=
-11,13,GVAnxh0/YHSSV1p3qPNYWo7aXUc=,lADWsnB8Fmovj3b02IVN6lA9yfM=
-10,13,GVAnxh0/YHSSV1p3qPNYWo7aXUc=,lADWsnB8Fmovj3b02IVN6lA9yfM=
-16,11,GVAnxh0/YHSSV1p3qPNYWo7aXUc=,lADWsnB8Fmovj3b02IVN6lA9yfM=
-16,14,GVAnxh0/YHSSV1p3qPNYWo7aXUc=,lADWsnB8Fmovj3b02IVN6lA9yfM=
-15,11,GVAnxh0/YHSSV1p3qPNYWo7aXUc=,lADWsnB8Fmovj3b02IVN6lA9yfM=
-16,7,GVAnxh0/YHSSV1p3qPNYWo7aXUc=,lADWsnB8Fmovj3b02IVN6lA9yfM=
-1,15,GVAnxh0/YHSSV1p3qPNYWo7aXUc=,lADWsnB8Fmovj3b02IVN6lA9yfM=
-15,14,GVAnxh0/YHSSV1p3qPNYWo7aXUc=,lADWsnB8Fmovj3b02IVN6lA9yfM=
-14,14,GVAnxh0/YHSSV1p3qPNYWo7aXUc=,lADWsnB8Fmovj3b02IVN6lA9yfM=
-3,11,GVAnxh0/YHSSV1p3qPNYWo7aXUc=,lADWsnB8Fmovj3b02IVN6lA9yfM=
-13,14,GVAnxh0/YHSSV1p3qPNYWo7aXUc=,lADWsnB8Fmovj3b02IVN6lA9yfM=
-12,14,GVAnxh0/YHSSV1p3qPNYWo7aXUc=,lADWsnB8Fmovj3b02IVN6lA9yfM=
-2,11,GVAnxh0/YHSSV1p3qPNYWo7aXUc=,lADWsnB8Fmovj3b02IVN6lA9yfM=
-11,14,GVAnxh0/YHSSV1p3qPNYWo7aXUc=,lADWsnB8Fmovj3b02IVN6lA9yfM=
-15,7,GVAnxh0/YHSSV1p3qPNYWo7aXUc=,lADWsnB8Fmovj3b02IVN6lA9yfM=
-1,11,GVAnxh0/YHSSV1p3qPNYWo7aXUc=,lADWsnB8Fmovj3b02IVN6lA9yfM=
-14,7,GVAnxh0/YHSSV1p3qPNYWo7aXUc=,lADWsnB8Fmovj3b02IVN6lA9yfM=
-13,7,GVAnxh0/YHSSV1p3qPNYWo7aXUc=,lADWsnB8Fmovj3b02IVN6lA9yfM=
-10,14,GVAnxh0/YHSSV1p3qPNYWo7aXUc=,lADWsnB8Fmovj3b02IVN6lA9yfM=
-12,7,GVAnxh0/YHSSV1p3qPNYWo7aXUc=,lADWsnB8Fmovj3b02IVN6lA9yfM=
-7,10,GVAnxh0/YHSSV1p3qPNYWo7aXUc=,lADWsnB8Fmovj3b02IVN6lA9yfM=
-15,15,GVAnxh0/YHSSV1p3qPNYWo7aXUc=,lADWsnB8Fmovj3b02IVN6lA9yfM=
-16,15,GVAnxh0/YHSSV1p3qPNYWo7aXUc=,lADWsnB8Fmovj3b02IVN6lA9yfM=
-6,10,GVAnxh0/YHSSV1p3qPNYWo7aXUc=,lADWsnB8Fmovj3b02IVN6lA9yfM=
-14,15,GVAnxh0/YHSSV1p3qPNYWo7aXUc=,lADWsnB8Fmovj3b02IVN6lA9yfM=
-14,11,GVAnxh0/YHSSV1p3qPNYWo7aXUc=,lADWsnB8Fmovj3b02IVN6lA9yfM=
-8,7,GVAnxh0/YHSSV1p3qPNYWo7aXUc=,lADWsnB8Fmovj3b02IVN6lA9yfM=
-13,15,GVAnxh0/YHSSV1p3qPNYWo7aXUc=,lADWsnB8Fmovj3b02IVN6lA9yfM=
-11,7,GVAnxh0/YHSSV1p3qPNYWo7aXUc=,lADWsnB8Fmovj3b02IVN6lA9yfM=
-13,11,GVAnxh0/YHSSV1p3qPNYWo7aXUc=,lADWsnB8Fmovj3b02IVN6lA9yfM=
-12,15,GVAnxh0/YHSSV1p3qPNYWo7aXUc=,lADWsnB8Fmovj3b02IVN6lA9yfM=
-7,7,GVAnxh0/YHSSV1p3qPNYWo7aXUc=,lADWsnB8Fmovj3b02IVN6lA9yfM=
-6,7,GVAnxh0/YHSSV1p3qPNYWo7aXUc=,lADWsnB8Fmovj3b02IVN6lA9yfM=
-11,15,GVAnxh0/YHSSV1p3qPNYWo7aXUc=,lADWsnB8Fmovj3b02IVN6lA9yfM=
-10,7,GVAnxh0/YHSSV1p3qPNYWo7aXUc=,lADWsnB8Fmovj3b02IVN6lA9yfM=
-7,14,GVAnxh0/YHSSV1p3qPNYWo7aXUc=,lADWsnB8Fmovj3b02IVN6lA9yfM=
-10,15,GVAnxh0/YHSSV1p3qPNYWo7aXUc=,lADWsnB8Fmovj3b02IVN6lA9yfM=
-11,8,GVAnxh0/YHSSV1p3qPNYWo7aXUc=,lADWsnB8Fmovj3b02IVN6lA9yfM=
-5,10,GVAnxh0/YHSSV1p3qPNYWo7aXUc=,lADWsnB8Fmovj3b02IVN6lA9yfM=
-10,8,GVAnxh0/YHSSV1p3qPNYWo7aXUc=,lADWsnB8Fmovj3b02IVN6lA9yfM=
-7,15,GVAnxh0/YHSSV1p3qPNYWo7aXUc=,lADWsnB8Fmovj3b02IVN6lA9yfM=
-5,7,GVAnxh0/YHSSV1p3qPNYWo7aXUc=,lADWsnB8Fmovj3b02IVN6lA9yfM=
-8,15,GVAnxh0/YHSSV1p3qPNYWo7aXUc=,lADWsnB8Fmovj3b02IVN6lA9yfM=
-8,10,GVAnxh0/YHSSV1p3qPNYWo7aXUc=,lADWsnB8Fmovj3b02IVN6lA9yfM=
-4,7,GVAnxh0/YHSSV1p3qPNYWo7aXUc=,lADWsnB8Fmovj3b02IVN6lA9yfM=
-4,13,GVAnxh0/YHSSV1p3qPNYWo7aXUc=,lADWsnB8Fmovj3b02IVN6lA9yfM=
-2,12,GVAnxh0/YHSSV1p3qPNYWo7aXUc=,lADWsnB8Fmovj3b02IVN6lA9yfM=
-9,14,GVAnxh0/YHSSV1p3qPNYWo7aXUc=,lADWsnB8Fmovj3b02IVN6lA9yfM=
-8,8,GVAnxh0/YHSSV1p3qPNYWo7aXUc=,lADWsnB8Fmovj3b02IVN6lA9yfM=
-8,12,GVAnxh0/YHSSV1p3qPNYWo7aXUc=,lADWsnB8Fmovj3b02IVN6lA9yfM=
-1,14,GVAnxh0/YHSSV1p3qPNYWo7aXUc=,lADWsnB8Fmovj3b02IVN6lA9yfM=
-8,11,GVAnxh0/YHSSV1p3qPNYWo7aXUc=,lADWsnB8Fmovj3b02IVN6lA9yfM=
-3,12,GVAnxh0/YHSSV1p3qPNYWo7aXUc=,lADWsnB8Fmovj3b02IVN6lA9yfM=
-2,14,GVAnxh0/YHSSV1p3qPNYWo7aXUc=,lADWsnB8Fmovj3b02IVN6lA9yfM=
-9,13,GVAnxh0/YHSSV1p3qPNYWo7aXUc=,lADWsnB8Fmovj3b02IVN6lA9yfM=
-9,10,GVAnxh0/YHSSV1p3qPNYWo7aXUc=,lADWsnB8Fmovj3b02IVN6lA9yfM=
-4,12,GVAnxh0/YHSSV1p3qPNYWo7aXUc=,lADWsnB8Fmovj3b02IVN6lA9yfM=
-3,14,GVAnxh0/YHSSV1p3qPNYWo7aXUc=,lADWsnB8Fmovj3b02IVN6lA9yfM=
-1,9,GVAnxh0/YHSSV1p3qPNYWo7aXUc=,lADWsnB8Fmovj3b02IVN6lA9yfM=
-6,9,GVAnxh0/YHSSV1p3qPNYWo7aXUc=,lADWsnB8Fmovj3b02IVN6lA9yfM=
-6,8,GVAnxh0/YHSSV1p3qPNYWo7aXUc=,lADWsnB8Fmovj3b02IVN6lA9yfM=
-5,12,GVAnxh0/YHSSV1p3qPNYWo7aXUc=,lADWsnB8Fmovj3b02IVN6lA9yfM=
-5,8,GVAnxh0/YHSSV1p3qPNYWo7aXUc=,lADWsnB8Fmovj3b02IVN6lA9yfM=
-9,12,GVAnxh0/YHSSV1p3qPNYWo7aXUc=,lADWsnB8Fmovj3b02IVN6lA9yfM=
-5,13,GVAnxh0/YHSSV1p3qPNYWo7aXUc=,lADWsnB8Fmovj3b02IVN6lA9yfM=
-4,8,GVAnxh0/YHSSV1p3qPNYWo7aXUc=,lADWsnB8Fmovj3b02IVN6lA9yfM=
-3,8,GVAnxh0/YHSSV1p3qPNYWo7aXUc=,lADWsnB8Fmovj3b02IVN6lA9yfM=
-2,9,GVAnxh0/YHSSV1p3qPNYWo7aXUc=,lADWsnB8Fmovj3b02IVN6lA9yfM=
-4,14,GVAnxh0/YHSSV1p3qPNYWo7aXUc=,lADWsnB8Fmovj3b02IVN6lA9yfM=
-2,8,GVAnxh0/YHSSV1p3qPNYWo7aXUc=,lADWsnB8Fmovj3b02IVN6lA9yfM=
-6,13,GVAnxh0/YHSSV1p3qPNYWo7aXUc=,lADWsnB8Fmovj3b02IVN6lA9yfM=
-1,10,GVAnxh0/YHSSV1p3qPNYWo7aXUc=,lADWsnB8Fmovj3b02IVN6lA9yfM=
-3,7,GVAnxh0/YHSSV1p3qPNYWo7aXUc=,lADWsnB8Fmovj3b02IVN6lA9yfM=
-6,12,GVAnxh0/YHSSV1p3qPNYWo7aXUc=,lADWsnB8Fmovj3b02IVN6lA9yfM=
-2,7,GVAnxh0/YHSSV1p3qPNYWo7aXUc=,lADWsnB8Fmovj3b02IVN6lA9yfM=
-1,7,GVAnxh0/YHSSV1p3qPNYWo7aXUc=,lADWsnB8Fmovj3b02IVN6lA9yfM=
-5,14,GVAnxh0/YHSSV1p3qPNYWo7aXUc=,lADWsnB8Fmovj3b02IVN6lA9yfM=
-1,8,GVAnxh0/YHSSV1p3qPNYWo7aXUc=,lADWsnB8Fmovj3b02IVN6lA9yfM=
-9,9,GVAnxh0/YHSSV1p3qPNYWo7aXUc=,lADWsnB8Fmovj3b02IVN6lA9yfM=
-9,11,GVAnxh0/YHSSV1p3qPNYWo7aXUc=,lADWsnB8Fmovj3b02IVN6lA9yfM=
-3,9,GVAnxh0/YHSSV1p3qPNYWo7aXUc=,lADWsnB8Fmovj3b02IVN6lA9yfM=
-4,10,GVAnxh0/YHSSV1p3qPNYWo7aXUc=,lADWsnB8Fmovj3b02IVN6lA9yfM=
-7,13,GVAnxh0/YHSSV1p3qPNYWo7aXUc=,lADWsnB8Fmovj3b02IVN6lA9yfM=
-7,8,GVAnxh0/YHSSV1p3qPNYWo7aXUc=,lADWsnB8Fmovj3b02IVN6lA9yfM=
-4,9,GVAnxh0/YHSSV1p3qPNYWo7aXUc=,lADWsnB8Fmovj3b02IVN6lA9yfM=
-3,10,GVAnxh0/YHSSV1p3qPNYWo7aXUc=,lADWsnB8Fmovj3b02IVN6lA9yfM=
-9,8,GVAnxh0/YHSSV1p3qPNYWo7aXUc=,lADWsnB8Fmovj3b02IVN6lA9yfM=
-6,14,GVAnxh0/YHSSV1p3qPNYWo7aXUc=,lADWsnB8Fmovj3b02IVN6lA9yfM=
-2,10,GVAnxh0/YHSSV1p3qPNYWo7aXUc=,lADWsnB8Fmovj3b02IVN6lA9yfM=
-8,13,GVAnxh0/YHSSV1p3qPNYWo7aXUc=,lADWsnB8Fmovj3b02IVN6lA9yfM=
-24,0,nAzCb1wWt902ouo3JFLByVNG3DU=,lADWsnB8Fmovj3b02IVN6lA9yfM=
-17,6,nAzCb1wWt902ouo3JFLByVNG3DU=,lADWsnB8Fmovj3b02IVN6lA9yfM=
-18,6,nAzCb1wWt902ouo3JFLByVNG3DU=,lADWsnB8Fmovj3b02IVN6lA9yfM=
-23,0,nAzCb1wWt902ouo3JFLByVNG3DU=,lADWsnB8Fmovj3b02IVN6lA9yfM=
-19,6,nAzCb1wWt902ouo3JFLByVNG3DU=,lADWsnB8Fmovj3b02IVN6lA9yfM=
-20,6,nAzCb1wWt902ouo3JFLByVNG3DU=,lADWsnB8Fmovj3b02IVN6lA9yfM=
-21,6,nAzCb1wWt902ouo3JFLByVNG3DU=,lADWsnB8Fmovj3b02IVN6lA9yfM=
-22,6,nAzCb1wWt902ouo3JFLByVNG3DU=,lADWsnB8Fmovj3b02IVN6lA9yfM=
-23,6,nAzCb1wWt902ouo3JFLByVNG3DU=,lADWsnB8Fmovj3b02IVN6lA9yfM=
-24,6,nAzCb1wWt902ouo3JFLByVNG3DU=,lADWsnB8Fmovj3b02IVN6lA9yfM=
-18,5,nAzCb1wWt902ouo3JFLByVNG3DU=,lADWsnB8Fmovj3b02IVN6lA9yfM=
-19,5,nAzCb1wWt902ouo3JFLByVNG3DU=,lADWsnB8Fmovj3b02IVN6lA9yfM=
-20,5,nAzCb1wWt902ouo3JFLByVNG3DU=,lADWsnB8Fmovj3b02IVN6lA9yfM=
-21,5,nAzCb1wWt902ouo3JFLByVNG3DU=,lADWsnB8Fmovj3b02IVN6lA9yfM=
-22,5,nAzCb1wWt902ouo3JFLByVNG3DU=,lADWsnB8Fmovj3b02IVN6lA9yfM=
-23,5,nAzCb1wWt902ouo3JFLByVNG3DU=,lADWsnB8Fmovj3b02IVN6lA9yfM=
-24,5,nAzCb1wWt902ouo3JFLByVNG3DU=,lADWsnB8Fmovj3b02IVN6lA9yfM=
-17,4,nAzCb1wWt902ouo3JFLByVNG3DU=,lADWsnB8Fmovj3b02IVN6lA9yfM=
-17,5,nAzCb1wWt902ouo3JFLByVNG3DU=,lADWsnB8Fmovj3b02IVN6lA9yfM=
-19,4,nAzCb1wWt902ouo3JFLByVNG3DU=,lADWsnB8Fmovj3b02IVN6lA9yfM=
-20,4,nAzCb1wWt902ouo3JFLByVNG3DU=,lADWsnB8Fmovj3b02IVN6lA9yfM=
-21,4,nAzCb1wWt902ouo3JFLByVNG3DU=,lADWsnB8Fmovj3b02IVN6lA9yfM=
-22,4,nAzCb1wWt902ouo3JFLByVNG3DU=,lADWsnB8Fmovj3b02IVN6lA9yfM=
-23,4,nAzCb1wWt902ouo3JFLByVNG3DU=,lADWsnB8Fmovj3b02IVN6lA9yfM=
-24,4,nAzCb1wWt902ouo3JFLByVNG3DU=,lADWsnB8Fmovj3b02IVN6lA9yfM=
-18,4,nAzCb1wWt902ouo3JFLByVNG3DU=,lADWsnB8Fmovj3b02IVN6lA9yfM=
-18,3,nAzCb1wWt902ouo3JFLByVNG3DU=,lADWsnB8Fmovj3b02IVN6lA9yfM=
-19,3,nAzCb1wWt902ouo3JFLByVNG3DU=,lADWsnB8Fmovj3b02IVN6lA9yfM=
-20,3,nAzCb1wWt902ouo3JFLByVNG3DU=,lADWsnB8Fmovj3b02IVN6lA9yfM=
-21,3,nAzCb1wWt902ouo3JFLByVNG3DU=,lADWsnB8Fmovj3b02IVN6lA9yfM=
-22,3,nAzCb1wWt902ouo3JFLByVNG3DU=,lADWsnB8Fmovj3b02IVN6lA9yfM=
-23,3,nAzCb1wWt902ouo3JFLByVNG3DU=,lADWsnB8Fmovj3b02IVN6lA9yfM=
-24,3,nAzCb1wWt902ouo3JFLByVNG3DU=,lADWsnB8Fmovj3b02IVN6lA9yfM=
-17,3,nAzCb1wWt902ouo3JFLByVNG3DU=,lADWsnB8Fmovj3b02IVN6lA9yfM=
-18,2,nAzCb1wWt902ouo3JFLByVNG3DU=,lADWsnB8Fmovj3b02IVN6lA9yfM=
-19,2,nAzCb1wWt902ouo3JFLByVNG3DU=,lADWsnB8Fmovj3b02IVN6lA9yfM=
-20,2,nAzCb1wWt902ouo3JFLByVNG3DU=,lADWsnB8Fmovj3b02IVN6lA9yfM=
-21,2,nAzCb1wWt902ouo3JFLByVNG3DU=,lADWsnB8Fmovj3b02IVN6lA9yfM=
-22,2,nAzCb1wWt902ouo3JFLByVNG3DU=,lADWsnB8Fmovj3b02IVN6lA9yfM=
-23,2,nAzCb1wWt902ouo3JFLByVNG3DU=,lADWsnB8Fmovj3b02IVN6lA9yfM=
-24,2,nAzCb1wWt902ouo3JFLByVNG3DU=,lADWsnB8Fmovj3b02IVN6lA9yfM=
-17,2,nAzCb1wWt902ouo3JFLByVNG3DU=,lADWsnB8Fmovj3b02IVN6lA9yfM=
-18,1,nAzCb1wWt902ouo3JFLByVNG3DU=,lADWsnB8Fmovj3b02IVN6lA9yfM=
-19,1,nAzCb1wWt902ouo3JFLByVNG3DU=,lADWsnB8Fmovj3b02IVN6lA9yfM=
-20,1,nAzCb1wWt902ouo3JFLByVNG3DU=,lADWsnB8Fmovj3b02IVN6lA9yfM=
-21,1,nAzCb1wWt902ouo3JFLByVNG3DU=,lADWsnB8Fmovj3b02IVN6lA9yfM=
-22,1,nAzCb1wWt902ouo3JFLByVNG3DU=,lADWsnB8Fmovj3b02IVN6lA9yfM=
-23,1,nAzCb1wWt902ouo3JFLByVNG3DU=,lADWsnB8Fmovj3b02IVN6lA9yfM=
-24,1,nAzCb1wWt902ouo3JFLByVNG3DU=,lADWsnB8Fmovj3b02IVN6lA9yfM=
-17,1,nAzCb1wWt902ouo3JFLByVNG3DU=,lADWsnB8Fmovj3b02IVN6lA9yfM=
-18,0,nAzCb1wWt902ouo3JFLByVNG3DU=,lADWsnB8Fmovj3b02IVN6lA9yfM=
-19,0,nAzCb1wWt902ouo3JFLByVNG3DU=,lADWsnB8Fmovj3b02IVN6lA9yfM=
-20,0,nAzCb1wWt902ouo3JFLByVNG3DU=,lADWsnB8Fmovj3b02IVN6lA9yfM=
-21,0,nAzCb1wWt902ouo3JFLByVNG3DU=,lADWsnB8Fmovj3b02IVN6lA9yfM=
-22,0,nAzCb1wWt902ouo3JFLByVNG3DU=,lADWsnB8Fmovj3b02IVN6lA9yfM=
-17,0,nAzCb1wWt902ouo3JFLByVNG3DU=,lADWsnB8Fmovj3b02IVN6lA9yfM=
-20,7,nAzCb1wWt902ouo3JFLByVNG3DU=,lADWsnB8Fmovj3b02IVN6lA9yfM=
-20,15,nAzCb1wWt902ouo3JFLByVNG3DU=,lADWsnB8Fmovj3b02IVN6lA9yfM=
-19,7,nAzCb1wWt902ouo3JFLByVNG3DU=,lADWsnB8Fmovj3b02IVN6lA9yfM=
-18,7,nAzCb1wWt902ouo3JFLByVNG3DU=,lADWsnB8Fmovj3b02IVN6lA9yfM=
-19,15,nAzCb1wWt902ouo3JFLByVNG3DU=,lADWsnB8Fmovj3b02IVN6lA9yfM=
-18,15,nAzCb1wWt902ouo3JFLByVNG3DU=,lADWsnB8Fmovj3b02IVN6lA9yfM=
-17,15,nAzCb1wWt902ouo3JFLByVNG3DU=,lADWsnB8Fmovj3b02IVN6lA9yfM=
-17,7,nAzCb1wWt902ouo3JFLByVNG3DU=,lADWsnB8Fmovj3b02IVN6lA9yfM=
-24,13,nAzCb1wWt902ouo3JFLByVNG3DU=,lADWsnB8Fmovj3b02IVN6lA9yfM=
-24,8,nAzCb1wWt902ouo3JFLByVNG3DU=,lADWsnB8Fmovj3b02IVN6lA9yfM=
-22,10,nAzCb1wWt902ouo3JFLByVNG3DU=,lADWsnB8Fmovj3b02IVN6lA9yfM=
-23,8,nAzCb1wWt902ouo3JFLByVNG3DU=,lADWsnB8Fmovj3b02IVN6lA9yfM=
-22,8,nAzCb1wWt902ouo3JFLByVNG3DU=,lADWsnB8Fmovj3b02IVN6lA9yfM=
-24,14,nAzCb1wWt902ouo3JFLByVNG3DU=,lADWsnB8Fmovj3b02IVN6lA9yfM=
-23,13,nAzCb1wWt902ouo3JFLByVNG3DU=,lADWsnB8Fmovj3b02IVN6lA9yfM=
-21,8,nAzCb1wWt902ouo3JFLByVNG3DU=,lADWsnB8Fmovj3b02IVN6lA9yfM=
-21,15,nAzCb1wWt902ouo3JFLByVNG3DU=,lADWsnB8Fmovj3b02IVN6lA9yfM=
-21,7,nAzCb1wWt902ouo3JFLByVNG3DU=,lADWsnB8Fmovj3b02IVN6lA9yfM=
-18,14,nAzCb1wWt902ouo3JFLByVNG3DU=,lADWsnB8Fmovj3b02IVN6lA9yfM=
-20,8,nAzCb1wWt902ouo3JFLByVNG3DU=,lADWsnB8Fmovj3b02IVN6lA9yfM=
-19,8,nAzCb1wWt902ouo3JFLByVNG3DU=,lADWsnB8Fmovj3b02IVN6lA9yfM=
-17,13,nAzCb1wWt902ouo3JFLByVNG3DU=,lADWsnB8Fmovj3b02IVN6lA9yfM=
-22,7,nAzCb1wWt902ouo3JFLByVNG3DU=,lADWsnB8Fmovj3b02IVN6lA9yfM=
-23,11,nAzCb1wWt902ouo3JFLByVNG3DU=,lADWsnB8Fmovj3b02IVN6lA9yfM=
-23,7,nAzCb1wWt902ouo3JFLByVNG3DU=,lADWsnB8Fmovj3b02IVN6lA9yfM=
-24,7,nAzCb1wWt902ouo3JFLByVNG3DU=,lADWsnB8Fmovj3b02IVN6lA9yfM=
-19,13,nAzCb1wWt902ouo3JFLByVNG3DU=,lADWsnB8Fmovj3b02IVN6lA9yfM=
-22,15,nAzCb1wWt902ouo3JFLByVNG3DU=,lADWsnB8Fmovj3b02IVN6lA9yfM=
-19,14,nAzCb1wWt902ouo3JFLByVNG3DU=,lADWsnB8Fmovj3b02IVN6lA9yfM=
-23,12,nAzCb1wWt902ouo3JFLByVNG3DU=,lADWsnB8Fmovj3b02IVN6lA9yfM=
-18,13,nAzCb1wWt902ouo3JFLByVNG3DU=,lADWsnB8Fmovj3b02IVN6lA9yfM=
-20,13,nAzCb1wWt902ouo3JFLByVNG3DU=,lADWsnB8Fmovj3b02IVN6lA9yfM=
-17,14,nAzCb1wWt902ouo3JFLByVNG3DU=,lADWsnB8Fmovj3b02IVN6lA9yfM=
-21,10,nAzCb1wWt902ouo3JFLByVNG3DU=,lADWsnB8Fmovj3b02IVN6lA9yfM=
-18,12,nAzCb1wWt902ouo3JFLByVNG3DU=,lADWsnB8Fmovj3b02IVN6lA9yfM=
-19,12,nAzCb1wWt902ouo3JFLByVNG3DU=,lADWsnB8Fmovj3b02IVN6lA9yfM=
-20,12,nAzCb1wWt902ouo3JFLByVNG3DU=,lADWsnB8Fmovj3b02IVN6lA9yfM=
-24,11,nAzCb1wWt902ouo3JFLByVNG3DU=,lADWsnB8Fmovj3b02IVN6lA9yfM=
-21,12,nAzCb1wWt902ouo3JFLByVNG3DU=,lADWsnB8Fmovj3b02IVN6lA9yfM=
-20,14,nAzCb1wWt902ouo3JFLByVNG3DU=,lADWsnB8Fmovj3b02IVN6lA9yfM=
-17,12,nAzCb1wWt902ouo3JFLByVNG3DU=,lADWsnB8Fmovj3b02IVN6lA9yfM=
-21,14,nAzCb1wWt902ouo3JFLByVNG3DU=,lADWsnB8Fmovj3b02IVN6lA9yfM=
-22,12,nAzCb1wWt902ouo3JFLByVNG3DU=,lADWsnB8Fmovj3b02IVN6lA9yfM=
-23,10,nAzCb1wWt902ouo3JFLByVNG3DU=,lADWsnB8Fmovj3b02IVN6lA9yfM=
-23,9,nAzCb1wWt902ouo3JFLByVNG3DU=,lADWsnB8Fmovj3b02IVN6lA9yfM=
-18,8,nAzCb1wWt902ouo3JFLByVNG3DU=,lADWsnB8Fmovj3b02IVN6lA9yfM=
-20,10,nAzCb1wWt902ouo3JFLByVNG3DU=,lADWsnB8Fmovj3b02IVN6lA9yfM=
-17,10,nAzCb1wWt902ouo3JFLByVNG3DU=,lADWsnB8Fmovj3b02IVN6lA9yfM=
-17,9,nAzCb1wWt902ouo3JFLByVNG3DU=,lADWsnB8Fmovj3b02IVN6lA9yfM=
-19,9,nAzCb1wWt902ouo3JFLByVNG3DU=,lADWsnB8Fmovj3b02IVN6lA9yfM=
-20,9,nAzCb1wWt902ouo3JFLByVNG3DU=,lADWsnB8Fmovj3b02IVN6lA9yfM=
-21,9,nAzCb1wWt902ouo3JFLByVNG3DU=,lADWsnB8Fmovj3b02IVN6lA9yfM=
-22,9,nAzCb1wWt902ouo3JFLByVNG3DU=,lADWsnB8Fmovj3b02IVN6lA9yfM=
-24,9,nAzCb1wWt902ouo3JFLByVNG3DU=,lADWsnB8Fmovj3b02IVN6lA9yfM=
-24,10,nAzCb1wWt902ouo3JFLByVNG3DU=,lADWsnB8Fmovj3b02IVN6lA9yfM=
-24,12,nAzCb1wWt902ouo3JFLByVNG3DU=,lADWsnB8Fmovj3b02IVN6lA9yfM=
-23,15,nAzCb1wWt902ouo3JFLByVNG3DU=,lADWsnB8Fmovj3b02IVN6lA9yfM=
-22,14,nAzCb1wWt902ouo3JFLByVNG3DU=,lADWsnB8Fmovj3b02IVN6lA9yfM=
-17,8,nAzCb1wWt902ouo3JFLByVNG3DU=,lADWsnB8Fmovj3b02IVN6lA9yfM=
-19,10,nAzCb1wWt902ouo3JFLByVNG3DU=,lADWsnB8Fmovj3b02IVN6lA9yfM=
-23,14,nAzCb1wWt902ouo3JFLByVNG3DU=,lADWsnB8Fmovj3b02IVN6lA9yfM=
-22,13,nAzCb1wWt902ouo3JFLByVNG3DU=,lADWsnB8Fmovj3b02IVN6lA9yfM=
-22,11,nAzCb1wWt902ouo3JFLByVNG3DU=,lADWsnB8Fmovj3b02IVN6lA9yfM=
-21,13,nAzCb1wWt902ouo3JFLByVNG3DU=,lADWsnB8Fmovj3b02IVN6lA9yfM=
-24,15,nAzCb1wWt902ouo3JFLByVNG3DU=,lADWsnB8Fmovj3b02IVN6lA9yfM=
-21,11,nAzCb1wWt902ouo3JFLByVNG3DU=,lADWsnB8Fmovj3b02IVN6lA9yfM=
-20,11,nAzCb1wWt902ouo3JFLByVNG3DU=,lADWsnB8Fmovj3b02IVN6lA9yfM=
-18,9,nAzCb1wWt902ouo3JFLByVNG3DU=,lADWsnB8Fmovj3b02IVN6lA9yfM=
-17,11,nAzCb1wWt902ouo3JFLByVNG3DU=,lADWsnB8Fmovj3b02IVN6lA9yfM=
-19,11,nAzCb1wWt902ouo3JFLByVNG3DU=,lADWsnB8Fmovj3b02IVN6lA9yfM=
-18,10,nAzCb1wWt902ouo3JFLByVNG3DU=,lADWsnB8Fmovj3b02IVN6lA9yfM=
-18,11,nAzCb1wWt902ouo3JFLByVNG3DU=,lADWsnB8Fmovj3b02IVN6lA9yfM=
-19,29,euJmDs7+1j2e0rffnxf5WCTfzdY=,lADWsnB8Fmovj3b02IVN6lA9yfM=
-18,29,euJmDs7+1j2e0rffnxf5WCTfzdY=,lADWsnB8Fmovj3b02IVN6lA9yfM=
-17,29,euJmDs7+1j2e0rffnxf5WCTfzdY=,lADWsnB8Fmovj3b02IVN6lA9yfM=
-24,30,euJmDs7+1j2e0rffnxf5WCTfzdY=,lADWsnB8Fmovj3b02IVN6lA9yfM=
-23,30,euJmDs7+1j2e0rffnxf5WCTfzdY=,lADWsnB8Fmovj3b02IVN6lA9yfM=
-21,31,xUoax5I/HoCTL4afBwgfqiflXG0=,lADWsnB8Fmovj3b02IVN6lA9yfM=
-24,26,xUoax5I/HoCTL4afBwgfqiflXG0=,lADWsnB8Fmovj3b02IVN6lA9yfM=
-20,29,xUoax5I/HoCTL4afBwgfqiflXG0=,lADWsnB8Fmovj3b02IVN6lA9yfM=
-17,25,xUoax5I/HoCTL4afBwgfqiflXG0=,lADWsnB8Fmovj3b02IVN6lA9yfM=
-18,25,xUoax5I/HoCTL4afBwgfqiflXG0=,lADWsnB8Fmovj3b02IVN6lA9yfM=
-18,28,xUoax5I/HoCTL4afBwgfqiflXG0=,lADWsnB8Fmovj3b02IVN6lA9yfM=
-22,31,xUoax5I/HoCTL4afBwgfqiflXG0=,lADWsnB8Fmovj3b02IVN6lA9yfM=
-19,28,xUoax5I/HoCTL4afBwgfqiflXG0=,lADWsnB8Fmovj3b02IVN6lA9yfM=
-23,31,xUoax5I/HoCTL4afBwgfqiflXG0=,lADWsnB8Fmovj3b02IVN6lA9yfM=
-21,29,xUoax5I/HoCTL4afBwgfqiflXG0=,lADWsnB8Fmovj3b02IVN6lA9yfM=
-20,28,xUoax5I/HoCTL4afBwgfqiflXG0=,lADWsnB8Fmovj3b02IVN6lA9yfM=
-24,31,xUoax5I/HoCTL4afBwgfqiflXG0=,lADWsnB8Fmovj3b02IVN6lA9yfM=
-22,29,xUoax5I/HoCTL4afBwgfqiflXG0=,lADWsnB8Fmovj3b02IVN6lA9yfM=
-21,28,xUoax5I/HoCTL4afBwgfqiflXG0=,lADWsnB8Fmovj3b02IVN6lA9yfM=
-17,30,xUoax5I/HoCTL4afBwgfqiflXG0=,lADWsnB8Fmovj3b02IVN6lA9yfM=
-23,29,xUoax5I/HoCTL4afBwgfqiflXG0=,lADWsnB8Fmovj3b02IVN6lA9yfM=
-22,28,xUoax5I/HoCTL4afBwgfqiflXG0=,lADWsnB8Fmovj3b02IVN6lA9yfM=
-19,25,xUoax5I/HoCTL4afBwgfqiflXG0=,lADWsnB8Fmovj3b02IVN6lA9yfM=
-23,28,xUoax5I/HoCTL4afBwgfqiflXG0=,lADWsnB8Fmovj3b02IVN6lA9yfM=
-18,30,xUoax5I/HoCTL4afBwgfqiflXG0=,lADWsnB8Fmovj3b02IVN6lA9yfM=
-19,30,xUoax5I/HoCTL4afBwgfqiflXG0=,lADWsnB8Fmovj3b02IVN6lA9yfM=
-24,29,xUoax5I/HoCTL4afBwgfqiflXG0=,lADWsnB8Fmovj3b02IVN6lA9yfM=
-20,30,xUoax5I/HoCTL4afBwgfqiflXG0=,lADWsnB8Fmovj3b02IVN6lA9yfM=
-24,27,xUoax5I/HoCTL4afBwgfqiflXG0=,lADWsnB8Fmovj3b02IVN6lA9yfM=
-18,27,xUoax5I/HoCTL4afBwgfqiflXG0=,lADWsnB8Fmovj3b02IVN6lA9yfM=
-19,27,xUoax5I/HoCTL4afBwgfqiflXG0=,lADWsnB8Fmovj3b02IVN6lA9yfM=
-20,27,xUoax5I/HoCTL4afBwgfqiflXG0=,lADWsnB8Fmovj3b02IVN6lA9yfM=
-21,27,xUoax5I/HoCTL4afBwgfqiflXG0=,lADWsnB8Fmovj3b02IVN6lA9yfM=
-24,28,xUoax5I/HoCTL4afBwgfqiflXG0=,lADWsnB8Fmovj3b02IVN6lA9yfM=
-22,27,xUoax5I/HoCTL4afBwgfqiflXG0=,lADWsnB8Fmovj3b02IVN6lA9yfM=
-23,27,xUoax5I/HoCTL4afBwgfqiflXG0=,lADWsnB8Fmovj3b02IVN6lA9yfM=
-22,25,xUoax5I/HoCTL4afBwgfqiflXG0=,lADWsnB8Fmovj3b02IVN6lA9yfM=
-21,30,xUoax5I/HoCTL4afBwgfqiflXG0=,lADWsnB8Fmovj3b02IVN6lA9yfM=
-17,31,xUoax5I/HoCTL4afBwgfqiflXG0=,lADWsnB8Fmovj3b02IVN6lA9yfM=
-23,25,xUoax5I/HoCTL4afBwgfqiflXG0=,lADWsnB8Fmovj3b02IVN6lA9yfM=
-17,26,xUoax5I/HoCTL4afBwgfqiflXG0=,lADWsnB8Fmovj3b02IVN6lA9yfM=
-18,26,xUoax5I/HoCTL4afBwgfqiflXG0=,lADWsnB8Fmovj3b02IVN6lA9yfM=
-17,27,xUoax5I/HoCTL4afBwgfqiflXG0=,lADWsnB8Fmovj3b02IVN6lA9yfM=
-18,31,xUoax5I/HoCTL4afBwgfqiflXG0=,lADWsnB8Fmovj3b02IVN6lA9yfM=
-19,26,xUoax5I/HoCTL4afBwgfqiflXG0=,lADWsnB8Fmovj3b02IVN6lA9yfM=
-20,26,xUoax5I/HoCTL4afBwgfqiflXG0=,lADWsnB8Fmovj3b02IVN6lA9yfM=
-21,26,xUoax5I/HoCTL4afBwgfqiflXG0=,lADWsnB8Fmovj3b02IVN6lA9yfM=
-22,26,xUoax5I/HoCTL4afBwgfqiflXG0=,lADWsnB8Fmovj3b02IVN6lA9yfM=
-23,26,xUoax5I/HoCTL4afBwgfqiflXG0=,lADWsnB8Fmovj3b02IVN6lA9yfM=
-20,25,xUoax5I/HoCTL4afBwgfqiflXG0=,lADWsnB8Fmovj3b02IVN6lA9yfM=
-19,31,xUoax5I/HoCTL4afBwgfqiflXG0=,lADWsnB8Fmovj3b02IVN6lA9yfM=
-17,28,xUoax5I/HoCTL4afBwgfqiflXG0=,lADWsnB8Fmovj3b02IVN6lA9yfM=
-20,31,xUoax5I/HoCTL4afBwgfqiflXG0=,lADWsnB8Fmovj3b02IVN6lA9yfM=
-21,25,xUoax5I/HoCTL4afBwgfqiflXG0=,lADWsnB8Fmovj3b02IVN6lA9yfM=
-22,30,xUoax5I/HoCTL4afBwgfqiflXG0=,lADWsnB8Fmovj3b02IVN6lA9yfM=
-24,25,xUoax5I/HoCTL4afBwgfqiflXG0=,lADWsnB8Fmovj3b02IVN6lA9yfM=
-20,21,xUoax5I/HoCTL4afBwgfqiflXG0=,lADWsnB8Fmovj3b02IVN6lA9yfM=
-19,21,xUoax5I/HoCTL4afBwgfqiflXG0=,lADWsnB8Fmovj3b02IVN6lA9yfM=
-18,21,xUoax5I/HoCTL4afBwgfqiflXG0=,lADWsnB8Fmovj3b02IVN6lA9yfM=
-17,21,xUoax5I/HoCTL4afBwgfqiflXG0=,lADWsnB8Fmovj3b02IVN6lA9yfM=
-24,22,xUoax5I/HoCTL4afBwgfqiflXG0=,lADWsnB8Fmovj3b02IVN6lA9yfM=
-23,22,xUoax5I/HoCTL4afBwgfqiflXG0=,lADWsnB8Fmovj3b02IVN6lA9yfM=
-22,22,xUoax5I/HoCTL4afBwgfqiflXG0=,lADWsnB8Fmovj3b02IVN6lA9yfM=
-21,22,xUoax5I/HoCTL4afBwgfqiflXG0=,lADWsnB8Fmovj3b02IVN6lA9yfM=
-20,22,xUoax5I/HoCTL4afBwgfqiflXG0=,lADWsnB8Fmovj3b02IVN6lA9yfM=
-19,22,xUoax5I/HoCTL4afBwgfqiflXG0=,lADWsnB8Fmovj3b02IVN6lA9yfM=
-18,22,xUoax5I/HoCTL4afBwgfqiflXG0=,lADWsnB8Fmovj3b02IVN6lA9yfM=
-17,22,xUoax5I/HoCTL4afBwgfqiflXG0=,lADWsnB8Fmovj3b02IVN6lA9yfM=
-24,23,xUoax5I/HoCTL4afBwgfqiflXG0=,lADWsnB8Fmovj3b02IVN6lA9yfM=
-23,23,xUoax5I/HoCTL4afBwgfqiflXG0=,lADWsnB8Fmovj3b02IVN6lA9yfM=
-22,23,xUoax5I/HoCTL4afBwgfqiflXG0=,lADWsnB8Fmovj3b02IVN6lA9yfM=
-21,23,xUoax5I/HoCTL4afBwgfqiflXG0=,lADWsnB8Fmovj3b02IVN6lA9yfM=
-20,23,xUoax5I/HoCTL4afBwgfqiflXG0=,lADWsnB8Fmovj3b02IVN6lA9yfM=
-19,23,xUoax5I/HoCTL4afBwgfqiflXG0=,lADWsnB8Fmovj3b02IVN6lA9yfM=
-18,23,xUoax5I/HoCTL4afBwgfqiflXG0=,lADWsnB8Fmovj3b02IVN6lA9yfM=
-17,23,xUoax5I/HoCTL4afBwgfqiflXG0=,lADWsnB8Fmovj3b02IVN6lA9yfM=
-24,16,xUoax5I/HoCTL4afBwgfqiflXG0=,lADWsnB8Fmovj3b02IVN6lA9yfM=
-24,24,xUoax5I/HoCTL4afBwgfqiflXG0=,lADWsnB8Fmovj3b02IVN6lA9yfM=
-22,24,xUoax5I/HoCTL4afBwgfqiflXG0=,lADWsnB8Fmovj3b02IVN6lA9yfM=
-23,16,xUoax5I/HoCTL4afBwgfqiflXG0=,lADWsnB8Fmovj3b02IVN6lA9yfM=
-21,24,xUoax5I/HoCTL4afBwgfqiflXG0=,lADWsnB8Fmovj3b02IVN6lA9yfM=
-20,24,xUoax5I/HoCTL4afBwgfqiflXG0=,lADWsnB8Fmovj3b02IVN6lA9yfM=
-22,16,xUoax5I/HoCTL4afBwgfqiflXG0=,lADWsnB8Fmovj3b02IVN6lA9yfM=
-21,16,xUoax5I/HoCTL4afBwgfqiflXG0=,lADWsnB8Fmovj3b02IVN6lA9yfM=
-19,24,xUoax5I/HoCTL4afBwgfqiflXG0=,lADWsnB8Fmovj3b02IVN6lA9yfM=
-20,16,xUoax5I/HoCTL4afBwgfqiflXG0=,lADWsnB8Fmovj3b02IVN6lA9yfM=
-19,16,xUoax5I/HoCTL4afBwgfqiflXG0=,lADWsnB8Fmovj3b02IVN6lA9yfM=
-21,21,xUoax5I/HoCTL4afBwgfqiflXG0=,lADWsnB8Fmovj3b02IVN6lA9yfM=
-22,21,xUoax5I/HoCTL4afBwgfqiflXG0=,lADWsnB8Fmovj3b02IVN6lA9yfM=
-23,21,xUoax5I/HoCTL4afBwgfqiflXG0=,lADWsnB8Fmovj3b02IVN6lA9yfM=
-17,20,xUoax5I/HoCTL4afBwgfqiflXG0=,lADWsnB8Fmovj3b02IVN6lA9yfM=
-18,16,xUoax5I/HoCTL4afBwgfqiflXG0=,lADWsnB8Fmovj3b02IVN6lA9yfM=
-18,20,xUoax5I/HoCTL4afBwgfqiflXG0=,lADWsnB8Fmovj3b02IVN6lA9yfM=
-24,21,xUoax5I/HoCTL4afBwgfqiflXG0=,lADWsnB8Fmovj3b02IVN6lA9yfM=
-19,20,xUoax5I/HoCTL4afBwgfqiflXG0=,lADWsnB8Fmovj3b02IVN6lA9yfM=
-20,20,xUoax5I/HoCTL4afBwgfqiflXG0=,lADWsnB8Fmovj3b02IVN6lA9yfM=
-21,20,xUoax5I/HoCTL4afBwgfqiflXG0=,lADWsnB8Fmovj3b02IVN6lA9yfM=
-22,20,xUoax5I/HoCTL4afBwgfqiflXG0=,lADWsnB8Fmovj3b02IVN6lA9yfM=
-23,20,xUoax5I/HoCTL4afBwgfqiflXG0=,lADWsnB8Fmovj3b02IVN6lA9yfM=
-24,20,xUoax5I/HoCTL4afBwgfqiflXG0=,lADWsnB8Fmovj3b02IVN6lA9yfM=
-18,19,xUoax5I/HoCTL4afBwgfqiflXG0=,lADWsnB8Fmovj3b02IVN6lA9yfM=
-19,19,xUoax5I/HoCTL4afBwgfqiflXG0=,lADWsnB8Fmovj3b02IVN6lA9yfM=
-20,19,xUoax5I/HoCTL4afBwgfqiflXG0=,lADWsnB8Fmovj3b02IVN6lA9yfM=
-21,19,xUoax5I/HoCTL4afBwgfqiflXG0=,lADWsnB8Fmovj3b02IVN6lA9yfM=
-22,19,xUoax5I/HoCTL4afBwgfqiflXG0=,lADWsnB8Fmovj3b02IVN6lA9yfM=
-23,19,xUoax5I/HoCTL4afBwgfqiflXG0=,lADWsnB8Fmovj3b02IVN6lA9yfM=
-24,19,xUoax5I/HoCTL4afBwgfqiflXG0=,lADWsnB8Fmovj3b02IVN6lA9yfM=
-17,19,xUoax5I/HoCTL4afBwgfqiflXG0=,lADWsnB8Fmovj3b02IVN6lA9yfM=
-17,16,xUoax5I/HoCTL4afBwgfqiflXG0=,lADWsnB8Fmovj3b02IVN6lA9yfM=
-24,17,xUoax5I/HoCTL4afBwgfqiflXG0=,lADWsnB8Fmovj3b02IVN6lA9yfM=
-18,24,xUoax5I/HoCTL4afBwgfqiflXG0=,lADWsnB8Fmovj3b02IVN6lA9yfM=
-23,17,xUoax5I/HoCTL4afBwgfqiflXG0=,lADWsnB8Fmovj3b02IVN6lA9yfM=
-17,24,xUoax5I/HoCTL4afBwgfqiflXG0=,lADWsnB8Fmovj3b02IVN6lA9yfM=
-22,17,xUoax5I/HoCTL4afBwgfqiflXG0=,lADWsnB8Fmovj3b02IVN6lA9yfM=
-21,17,xUoax5I/HoCTL4afBwgfqiflXG0=,lADWsnB8Fmovj3b02IVN6lA9yfM=
-20,17,xUoax5I/HoCTL4afBwgfqiflXG0=,lADWsnB8Fmovj3b02IVN6lA9yfM=
-19,17,xUoax5I/HoCTL4afBwgfqiflXG0=,lADWsnB8Fmovj3b02IVN6lA9yfM=
-23,24,xUoax5I/HoCTL4afBwgfqiflXG0=,lADWsnB8Fmovj3b02IVN6lA9yfM=
-18,18,xUoax5I/HoCTL4afBwgfqiflXG0=,lADWsnB8Fmovj3b02IVN6lA9yfM=
-19,18,xUoax5I/HoCTL4afBwgfqiflXG0=,lADWsnB8Fmovj3b02IVN6lA9yfM=
-20,18,xUoax5I/HoCTL4afBwgfqiflXG0=,lADWsnB8Fmovj3b02IVN6lA9yfM=
-21,18,xUoax5I/HoCTL4afBwgfqiflXG0=,lADWsnB8Fmovj3b02IVN6lA9yfM=
-22,18,xUoax5I/HoCTL4afBwgfqiflXG0=,lADWsnB8Fmovj3b02IVN6lA9yfM=
-23,18,xUoax5I/HoCTL4afBwgfqiflXG0=,lADWsnB8Fmovj3b02IVN6lA9yfM=
-24,18,xUoax5I/HoCTL4afBwgfqiflXG0=,lADWsnB8Fmovj3b02IVN6lA9yfM=
-17,18,xUoax5I/HoCTL4afBwgfqiflXG0=,lADWsnB8Fmovj3b02IVN6lA9yfM=
-18,17,xUoax5I/HoCTL4afBwgfqiflXG0=,lADWsnB8Fmovj3b02IVN6lA9yfM=
-17,17,xUoax5I/HoCTL4afBwgfqiflXG0=,lADWsnB8Fmovj3b02IVN6lA9yfM=
