-14,-2,jpLfcpdRpknyvo6kijL6KxKDokY=,iw+3laBukc8bzG/k4ooxV8lzAnE=
-15,-2,jpLfcpdRpknyvo6kijL6KxKDokY=,iw+3laBukc8bzG/k4ooxV8lzAnE=
-14,-3,jpLfcpdRpknyvo6kijL6KxKDokY=,iw+3laBukc8bzG/k4ooxV8lzAnE=
-15,-3,jpLfcpdRpknyvo6kijL6KxKDokY=,iw+3laBukc8bzG/k4ooxV8lzAnE=
-14,-4,jpLfcpdRpknyvo6kijL6KxKDokY=,iw+3laBukc8bzG/k4ooxV8lzAnE=
-13,-2,jpLfcpdRpknyvo6kijL6KxKDokY=,iw+3laBukc8bzG/k4ooxV8lzAnE=
-13,-3,avaKXyv52zqZxRK4Iimg6kUeN+A=,iw+3laBukc8bzG/k4ooxV8lzAnE=
-12,-3,avaKXyv52zqZxRK4Iimg6kUeN+A=,iw+3laBukc8bzG/k4ooxV8lzAnE=
-11,-3,avaKXyv52zqZxRK4Iimg6kUeN+A=,iw+3laBukc8bzG/k4ooxV8lzAnE=
-10,-3,avaKXyv52zqZxRK4Iimg6kUeN+A=,iw+3laBukc8bzG/k4ooxV8lzAnE=
-14,-5,avaKXyv52zqZxRK4Iimg6kUeN+A=,iw+3laBukc8bzG/k4ooxV8lzAnE=
-12,-2,avaKXyv52zqZxRK4Iimg6kUeN+A=,iw+3laBukc8bzG/k4ooxV8lzAnE=
-10,-2,avaKXyv52zqZxRK4Iimg6kUeN+A=,iw+3laBukc8bzG/k4ooxV8lzAnE=
-11,-2,avaKXyv52zqZxRK4Iimg6kUeN+A=,iw+3laBukc8bzG/k4ooxV8lzAnE=
-15,-6,avaKXyv52zqZxRK4Iimg6kUeN+A=,iw+3laBukc8bzG/k4ooxV8lzAnE=
-15,-4,avaKXyv52zqZxRK4Iimg6kUeN+A=,iw+3laBukc8bzG/k4ooxV8lzAnE=
-14,-7,avaKXyv52zqZxRK4Iimg6kUeN+A=,iw+3laBukc8bzG/k4ooxV8lzAnE=
-15,-7,avaKXyv52zqZxRK4Iimg6kUeN+A=,iw+3laBukc8bzG/k4ooxV8lzAnE=
-15,-5,avaKXyv52zqZxRK4Iimg6kUeN+A=,iw+3laBukc8bzG/k4ooxV8lzAnE=
-14,-6,avaKXyv52zqZxRK4Iimg6kUeN+A=,iw+3laBukc8bzG/k4ooxV8lzAnE=
-13,-4,avaKXyv52zqZxRK4Iimg6kUeN+A=,iw+3laBukc8bzG/k4ooxV8lzAnE=
-12,-4,avaKXyv52zqZxRK4Iimg6kUeN+A=,iw+3laBukc8bzG/k4ooxV8lzAnE=
-12,-5,avaKXyv52zqZxRK4Iimg6kUeN+A=,H30i9EaHNXrShTDOo/RDd48QGX0=
-11,-5,avaKXyv52zqZxRK4Iimg6kUeN+A=,H30i9EaHNXrShTDOo/RDd48QGX0=
-10,-5,avaKXyv52zqZxRK4Iimg6kUeN+A=,H30i9EaHNXrShTDOo/RDd48QGX0=
-11,-4,avaKXyv52zqZxRK4Iimg6kUeN+A=,iw+3laBukc8bzG/k4ooxV8lzAnE=
-10,-4,avaKXyv52zqZxRK4Iimg6kUeN+A=,iw+3laBukc8bzG/k4ooxV8lzAnE=
-13,-7,avaKXyv52zqZxRK4Iimg6kUeN+A=,iw+3laBukc8bzG/k4ooxV8lzAnE=
-12,-7,avaKXyv52zqZxRK4Iimg6kUeN+A=,H30i9EaHNXrShTDOo/RDd48QGX0=
-11,-7,avaKXyv52zqZxRK4Iimg6kUeN+A=,H30i9EaHNXrShTDOo/RDd48QGX0=
-10,-7,avaKXyv52zqZxRK4Iimg6kUeN+A=,H30i9EaHNXrShTDOo/RDd48QGX0=
-12,-6,avaKXyv52zqZxRK4Iimg6kUeN+A=,H30i9EaHNXrShTDOo/RDd48QGX0=
-11,-6,avaKXyv52zqZxRK4Iimg6kUeN+A=,H30i9EaHNXrShTDOo/RDd48QGX0=
-10,-6,avaKXyv52zqZxRK4Iimg6kUeN+A=,H30i9EaHNXrShTDOo/RDd48QGX0=
-13,-6,avaKXyv52zqZxRK4Iimg6kUeN+A=,iw+3laBukc8bzG/k4ooxV8lzAnE=
-13,-5,avaKXyv52zqZxRK4Iimg6kUeN+A=,iw+3laBukc8bzG/k4ooxV8lzAnE=
-8,-7,avaKXyv52zqZxRK4Iimg6kUeN+A=,2JOQ99C4Zvosd6ON0gBPmiK7ixU=
-7,-7,avaKXyv52zqZxRK4Iimg6kUeN+A=,2JOQ99C4Zvosd6ON0gBPmiK7ixU=
-6,-7,avaKXyv52zqZxRK4Iimg6kUeN+A=,2JOQ99C4Zvosd6ON0gBPmiK7ixU=
-8,-6,avaKXyv52zqZxRK4Iimg6kUeN+A=,2JOQ99C4Zvosd6ON0gBPmiK7ixU=
-9,-7,avaKXyv52zqZxRK4Iimg6kUeN+A=,H30i9EaHNXrShTDOo/RDd48QGX0=
-8,-3,avaKXyv52zqZxRK4Iimg6kUeN+A=,KxPxsUZ/yiSV8ttcfAktlWVSOlc=
-7,-6,avaKXyv52zqZxRK4Iimg6kUeN+A=,2JOQ99C4Zvosd6ON0gBPmiK7ixU=
-6,-6,avaKXyv52zqZxRK4Iimg6kUeN+A=,2JOQ99C4Zvosd6ON0gBPmiK7ixU=
-9,-6,avaKXyv52zqZxRK4Iimg6kUeN+A=,H30i9EaHNXrShTDOo/RDd48QGX0=
-9,-2,avaKXyv52zqZxRK4Iimg6kUeN+A=,iw+3laBukc8bzG/k4ooxV8lzAnE=
-6,-4,avaKXyv52zqZxRK4Iimg6kUeN+A=,KxPxsUZ/yiSV8ttcfAktlWVSOlc=
-7,-4,avaKXyv52zqZxRK4Iimg6kUeN+A=,KxPxsUZ/yiSV8ttcfAktlWVSOlc=
-8,-4,avaKXyv52zqZxRK4Iimg6kUeN+A=,KxPxsUZ/yiSV8ttcfAktlWVSOlc=
-6,-5,avaKXyv52zqZxRK4Iimg6kUeN+A=,2JOQ99C4Zvosd6ON0gBPmiK7ixU=
-7,-5,avaKXyv52zqZxRK4Iimg6kUeN+A=,2JOQ99C4Zvosd6ON0gBPmiK7ixU=
-8,-5,avaKXyv52zqZxRK4Iimg6kUeN+A=,2JOQ99C4Zvosd6ON0gBPmiK7ixU=
-9,-3,avaKXyv52zqZxRK4Iimg6kUeN+A=,iw+3laBukc8bzG/k4ooxV8lzAnE=
-7,-2,avaKXyv52zqZxRK4Iimg6kUeN+A=,KxPxsUZ/yiSV8ttcfAktlWVSOlc=
-9,-5,avaKXyv52zqZxRK4Iimg6kUeN+A=,H30i9EaHNXrShTDOo/RDd48QGX0=
-9,-4,avaKXyv52zqZxRK4Iimg6kUeN+A=,iw+3laBukc8bzG/k4ooxV8lzAnE=
-6,-3,avaKXyv52zqZxRK4Iimg6kUeN+A=,KxPxsUZ/yiSV8ttcfAktlWVSOlc=
-7,-3,avaKXyv52zqZxRK4Iimg6kUeN+A=,KxPxsUZ/yiSV8ttcfAktlWVSOlc=
-6,-2,avaKXyv52zqZxRK4Iimg6kUeN+A=,KxPxsUZ/yiSV8ttcfAktlWVSOlc=
-8,-2,avaKXyv52zqZxRK4Iimg6kUeN+A=,KxPxsUZ/yiSV8ttcfAktlWVSOlc=
-4,-7,avaKXyv52zqZxRK4Iimg6kUeN+A=,XmlvSF3uPPsCodgk12qJNjfohOc=
-3,-7,avaKXyv52zqZxRK4Iimg6kUeN+A=,XmlvSF3uPPsCodgk12qJNjfohOc=
-2,-7,avaKXyv52zqZxRK4Iimg6kUeN+A=,XmlvSF3uPPsCodgk12qJNjfohOc=
-5,-7,k2P6Tg3BZF9Qn3gLqSoJdSnbIPI=,2JOQ99C4Zvosd6ON0gBPmiK7ixU=
-4,-6,k2P6Tg3BZF9Qn3gLqSoJdSnbIPI=,XmlvSF3uPPsCodgk12qJNjfohOc=
-3,-6,k2P6Tg3BZF9Qn3gLqSoJdSnbIPI=,XmlvSF3uPPsCodgk12qJNjfohOc=
-2,-6,k2P6Tg3BZF9Qn3gLqSoJdSnbIPI=,XmlvSF3uPPsCodgk12qJNjfohOc=
-5,-6,k2P6Tg3BZF9Qn3gLqSoJdSnbIPI=,2JOQ99C4Zvosd6ON0gBPmiK7ixU=
-5,-2,k2P6Tg3BZF9Qn3gLqSoJdSnbIPI=,KxPxsUZ/yiSV8ttcfAktlWVSOlc=
-5,-4,k2P6Tg3BZF9Qn3gLqSoJdSnbIPI=,KxPxsUZ/yiSV8ttcfAktlWVSOlc=
-2,-5,k2P6Tg3BZF9Qn3gLqSoJdSnbIPI=,XmlvSF3uPPsCodgk12qJNjfohOc=
-5,-3,k2P6Tg3BZF9Qn3gLqSoJdSnbIPI=,KxPxsUZ/yiSV8ttcfAktlWVSOlc=
-5,-5,k2P6Tg3BZF9Qn3gLqSoJdSnbIPI=,2JOQ99C4Zvosd6ON0gBPmiK7ixU=
-3,-5,k2P6Tg3BZF9Qn3gLqSoJdSnbIPI=,XmlvSF3uPPsCodgk12qJNjfohOc=
-4,-4,k2P6Tg3BZF9Qn3gLqSoJdSnbIPI=,48/9Jr9tSOMPi9n3x5q8MT5lOqE=
-2,-2,k2P6Tg3BZF9Qn3gLqSoJdSnbIPI=,48/9Jr9tSOMPi9n3x5q8MT5lOqE=
-4,-3,k2P6Tg3BZF9Qn3gLqSoJdSnbIPI=,48/9Jr9tSOMPi9n3x5q8MT5lOqE=
-3,-3,k2P6Tg3BZF9Qn3gLqSoJdSnbIPI=,48/9Jr9tSOMPi9n3x5q8MT5lOqE=
-4,-5,k2P6Tg3BZF9Qn3gLqSoJdSnbIPI=,XmlvSF3uPPsCodgk12qJNjfohOc=
-2,-3,k2P6Tg3BZF9Qn3gLqSoJdSnbIPI=,48/9Jr9tSOMPi9n3x5q8MT5lOqE=
-4,-2,k2P6Tg3BZF9Qn3gLqSoJdSnbIPI=,48/9Jr9tSOMPi9n3x5q8MT5lOqE=
-3,-2,k2P6Tg3BZF9Qn3gLqSoJdSnbIPI=,48/9Jr9tSOMPi9n3x5q8MT5lOqE=
-2,-4,k2P6Tg3BZF9Qn3gLqSoJdSnbIPI=,48/9Jr9tSOMPi9n3x5q8MT5lOqE=
-3,-4,k2P6Tg3BZF9Qn3gLqSoJdSnbIPI=,48/9Jr9tSOMPi9n3x5q8MT5lOqE=
-3,-8,k2P6Tg3BZF9Qn3gLqSoJdSnbIPI=,XmlvSF3uPPsCodgk12qJNjfohOc=
-3,-11,k2P6Tg3BZF9Qn3gLqSoJdSnbIPI=,abufid5DFt/Tf4Es19MlTOd92hg=
-2,-11,k2P6Tg3BZF9Qn3gLqSoJdSnbIPI=,abufid5DFt/Tf4Es19MlTOd92hg=
-2,-8,k2P6Tg3BZF9Qn3gLqSoJdSnbIPI=,XmlvSF3uPPsCodgk12qJNjfohOc=
-3,-10,k2P6Tg3BZF9Qn3gLqSoJdSnbIPI=,abufid5DFt/Tf4Es19MlTOd92hg=
-7,-14,k2P6Tg3BZF9Qn3gLqSoJdSnbIPI=,5SiF5aIDUidLPEtSZI093KUZKsc=
-6,-14,k2P6Tg3BZF9Qn3gLqSoJdSnbIPI=,5SiF5aIDUidLPEtSZI093KUZKsc=
-7,-15,k2P6Tg3BZF9Qn3gLqSoJdSnbIPI=,5SiF5aIDUidLPEtSZI093KUZKsc=
-7,-11,k2P6Tg3BZF9Qn3gLqSoJdSnbIPI=,rmic7QIi6dJz3G/WNSCeD/4VlPo=
-6,-15,k2P6Tg3BZF9Qn3gLqSoJdSnbIPI=,5SiF5aIDUidLPEtSZI093KUZKsc=
-6,-11,k2P6Tg3BZF9Qn3gLqSoJdSnbIPI=,rmic7QIi6dJz3G/WNSCeD/4VlPo=
-5,-11,k2P6Tg3BZF9Qn3gLqSoJdSnbIPI=,rmic7QIi6dJz3G/WNSCeD/4VlPo=
-7,-10,k2P6Tg3BZF9Qn3gLqSoJdSnbIPI=,rmic7QIi6dJz3G/WNSCeD/4VlPo=
-7,-12,k2P6Tg3BZF9Qn3gLqSoJdSnbIPI=,rmic7QIi6dJz3G/WNSCeD/4VlPo=
-6,-10,k2P6Tg3BZF9Qn3gLqSoJdSnbIPI=,rmic7QIi6dJz3G/WNSCeD/4VlPo=
-5,-10,k2P6Tg3BZF9Qn3gLqSoJdSnbIPI=,rmic7QIi6dJz3G/WNSCeD/4VlPo=
-6,-12,k2P6Tg3BZF9Qn3gLqSoJdSnbIPI=,rmic7QIi6dJz3G/WNSCeD/4VlPo=
-7,-13,k2P6Tg3BZF9Qn3gLqSoJdSnbIPI=,5SiF5aIDUidLPEtSZI093KUZKsc=
-7,-8,k2P6Tg3BZF9Qn3gLqSoJdSnbIPI=,2JOQ99C4Zvosd6ON0gBPmiK7ixU=
-6,-8,k2P6Tg3BZF9Qn3gLqSoJdSnbIPI=,2JOQ99C4Zvosd6ON0gBPmiK7ixU=
-4,-11,k2P6Tg3BZF9Qn3gLqSoJdSnbIPI=,abufid5DFt/Tf4Es19MlTOd92hg=
-5,-8,k2P6Tg3BZF9Qn3gLqSoJdSnbIPI=,2JOQ99C4Zvosd6ON0gBPmiK7ixU=
-7,-9,k2P6Tg3BZF9Qn3gLqSoJdSnbIPI=,rmic7QIi6dJz3G/WNSCeD/4VlPo=
-4,-10,k2P6Tg3BZF9Qn3gLqSoJdSnbIPI=,abufid5DFt/Tf4Es19MlTOd92hg=
-6,-9,k2P6Tg3BZF9Qn3gLqSoJdSnbIPI=,rmic7QIi6dJz3G/WNSCeD/4VlPo=
-4,-9,k2P6Tg3BZF9Qn3gLqSoJdSnbIPI=,abufid5DFt/Tf4Es19MlTOd92hg=
-5,-9,k2P6Tg3BZF9Qn3gLqSoJdSnbIPI=,rmic7QIi6dJz3G/WNSCeD/4VlPo=
-6,-13,qfRWwfPFiQ4E1kP4QQmwrsHUuxI=,5SiF5aIDUidLPEtSZI093KUZKsc=
-4,-8,qfRWwfPFiQ4E1kP4QQmwrsHUuxI=,XmlvSF3uPPsCodgk12qJNjfohOc=
-3,-9,qfRWwfPFiQ4E1kP4QQmwrsHUuxI=,abufid5DFt/Tf4Es19MlTOd92hg=
-2,-9,qfRWwfPFiQ4E1kP4QQmwrsHUuxI=,abufid5DFt/Tf4Es19MlTOd92hg=
-2,-10,qfRWwfPFiQ4E1kP4QQmwrsHUuxI=,abufid5DFt/Tf4Es19MlTOd92hg=
-3,-12,qfRWwfPFiQ4E1kP4QQmwrsHUuxI=,abufid5DFt/Tf4Es19MlTOd92hg=
-4,-15,qfRWwfPFiQ4E1kP4QQmwrsHUuxI=,RRyBL0CLiUaxLVdd3hmjUubbRnk=
-3,-15,qfRWwfPFiQ4E1kP4QQmwrsHUuxI=,RRyBL0CLiUaxLVdd3hmjUubbRnk=
-2,-12,qfRWwfPFiQ4E1kP4QQmwrsHUuxI=,abufid5DFt/Tf4Es19MlTOd92hg=
-2,-13,qfRWwfPFiQ4E1kP4QQmwrsHUuxI=,RRyBL0CLiUaxLVdd3hmjUubbRnk=
-2,-15,qfRWwfPFiQ4E1kP4QQmwrsHUuxI=,RRyBL0CLiUaxLVdd3hmjUubbRnk=
-5,-14,qfRWwfPFiQ4E1kP4QQmwrsHUuxI=,5SiF5aIDUidLPEtSZI093KUZKsc=
-4,-14,qfRWwfPFiQ4E1kP4QQmwrsHUuxI=,RRyBL0CLiUaxLVdd3hmjUubbRnk=
-3,-14,qfRWwfPFiQ4E1kP4QQmwrsHUuxI=,RRyBL0CLiUaxLVdd3hmjUubbRnk=
-5,-13,qfRWwfPFiQ4E1kP4QQmwrsHUuxI=,5SiF5aIDUidLPEtSZI093KUZKsc=
-5,-12,qfRWwfPFiQ4E1kP4QQmwrsHUuxI=,rmic7QIi6dJz3G/WNSCeD/4VlPo=
-2,-14,qfRWwfPFiQ4E1kP4QQmwrsHUuxI=,RRyBL0CLiUaxLVdd3hmjUubbRnk=
-4,-12,qfRWwfPFiQ4E1kP4QQmwrsHUuxI=,abufid5DFt/Tf4Es19MlTOd92hg=
-4,-13,qfRWwfPFiQ4E1kP4QQmwrsHUuxI=,RRyBL0CLiUaxLVdd3hmjUubbRnk=
-3,-13,qfRWwfPFiQ4E1kP4QQmwrsHUuxI=,RRyBL0CLiUaxLVdd3hmjUubbRnk=
-5,-15,qfRWwfPFiQ4E1kP4QQmwrsHUuxI=,5SiF5aIDUidLPEtSZI093KUZKsc=
-8,-15,qfRWwfPFiQ4E1kP4QQmwrsHUuxI=,5SiF5aIDUidLPEtSZI093KUZKsc=
-8,-14,qfRWwfPFiQ4E1kP4QQmwrsHUuxI=,5SiF5aIDUidLPEtSZI093KUZKsc=
-8,-11,qfRWwfPFiQ4E1kP4QQmwrsHUuxI=,rmic7QIi6dJz3G/WNSCeD/4VlPo=
-8,-12,qfRWwfPFiQ4E1kP4QQmwrsHUuxI=,rmic7QIi6dJz3G/WNSCeD/4VlPo=
-8,-10,qfRWwfPFiQ4E1kP4QQmwrsHUuxI=,rmic7QIi6dJz3G/WNSCeD/4VlPo=
-8,-9,qfRWwfPFiQ4E1kP4QQmwrsHUuxI=,rmic7QIi6dJz3G/WNSCeD/4VlPo=
-8,-13,qfRWwfPFiQ4E1kP4QQmwrsHUuxI=,5SiF5aIDUidLPEtSZI093KUZKsc=
-11,-13,qfRWwfPFiQ4E1kP4QQmwrsHUuxI=,5SiF5aIDUidLPEtSZI093KUZKsc=
-9,-12,qfRWwfPFiQ4E1kP4QQmwrsHUuxI=,rdQskRAvpsDoMYTWlw5MDlEybfQ=
-11,-11,qfRWwfPFiQ4E1kP4QQmwrsHUuxI=,rdQskRAvpsDoMYTWlw5MDlEybfQ=
-10,-12,qfRWwfPFiQ4E1kP4QQmwrsHUuxI=,rdQskRAvpsDoMYTWlw5MDlEybfQ=
-11,-12,4ecIc6wpIzMDogGZzDuzE2mNIeo=,rdQskRAvpsDoMYTWlw5MDlEybfQ=
-9,-9,4ecIc6wpIzMDogGZzDuzE2mNIeo=,rdQskRAvpsDoMYTWlw5MDlEybfQ=
-10,-13,4ecIc6wpIzMDogGZzDuzE2mNIeo=,5SiF5aIDUidLPEtSZI093KUZKsc=
-10,-9,4ecIc6wpIzMDogGZzDuzE2mNIeo=,rdQskRAvpsDoMYTWlw5MDlEybfQ=
-11,-9,4ecIc6wpIzMDogGZzDuzE2mNIeo=,rdQskRAvpsDoMYTWlw5MDlEybfQ=
-10,-11,4ecIc6wpIzMDogGZzDuzE2mNIeo=,rdQskRAvpsDoMYTWlw5MDlEybfQ=
-9,-8,4ecIc6wpIzMDogGZzDuzE2mNIeo=,H30i9EaHNXrShTDOo/RDd48QGX0=
-10,-8,4ecIc6wpIzMDogGZzDuzE2mNIeo=,H30i9EaHNXrShTDOo/RDd48QGX0=
-9,-13,4ecIc6wpIzMDogGZzDuzE2mNIeo=,5SiF5aIDUidLPEtSZI093KUZKsc=
-9,-14,4ecIc6wpIzMDogGZzDuzE2mNIeo=,5SiF5aIDUidLPEtSZI093KUZKsc=
-8,-8,4ecIc6wpIzMDogGZzDuzE2mNIeo=,2JOQ99C4Zvosd6ON0gBPmiK7ixU=
-10,-14,4ecIc6wpIzMDogGZzDuzE2mNIeo=,5SiF5aIDUidLPEtSZI093KUZKsc=
-9,-11,4ecIc6wpIzMDogGZzDuzE2mNIeo=,rdQskRAvpsDoMYTWlw5MDlEybfQ=
-11,-10,4ecIc6wpIzMDogGZzDuzE2mNIeo=,rdQskRAvpsDoMYTWlw5MDlEybfQ=
-10,-10,4ecIc6wpIzMDogGZzDuzE2mNIeo=,rdQskRAvpsDoMYTWlw5MDlEybfQ=
-9,-10,4ecIc6wpIzMDogGZzDuzE2mNIeo=,rdQskRAvpsDoMYTWlw5MDlEybfQ=
-11,-8,4ecIc6wpIzMDogGZzDuzE2mNIeo=,H30i9EaHNXrShTDOo/RDd48QGX0=
-11,-14,4ecIc6wpIzMDogGZzDuzE2mNIeo=,5SiF5aIDUidLPEtSZI093KUZKsc=
-12,-11,4ecIc6wpIzMDogGZzDuzE2mNIeo=,rdQskRAvpsDoMYTWlw5MDlEybfQ=
-12,-10,4ecIc6wpIzMDogGZzDuzE2mNIeo=,rdQskRAvpsDoMYTWlw5MDlEybfQ=
-12,-9,4ecIc6wpIzMDogGZzDuzE2mNIeo=,rdQskRAvpsDoMYTWlw5MDlEybfQ=
-12,-8,4ecIc6wpIzMDogGZzDuzE2mNIeo=,H30i9EaHNXrShTDOo/RDd48QGX0=
-16,-11,4ecIc6wpIzMDogGZzDuzE2mNIeo=,iw+3laBukc8bzG/k4ooxV8lzAnE=
-16,-10,4ecIc6wpIzMDogGZzDuzE2mNIeo=,iw+3laBukc8bzG/k4ooxV8lzAnE=
-15,-9,4ecIc6wpIzMDogGZzDuzE2mNIeo=,iw+3laBukc8bzG/k4ooxV8lzAnE=
-14,-9,4ecIc6wpIzMDogGZzDuzE2mNIeo=,iw+3laBukc8bzG/k4ooxV8lzAnE=
-13,-9,4ecIc6wpIzMDogGZzDuzE2mNIeo=,iw+3laBukc8bzG/k4ooxV8lzAnE=
-15,-8,4ecIc6wpIzMDogGZzDuzE2mNIeo=,iw+3laBukc8bzG/k4ooxV8lzAnE=
-14,-8,4ecIc6wpIzMDogGZzDuzE2mNIeo=,iw+3laBukc8bzG/k4ooxV8lzAnE=
-13,-8,4ecIc6wpIzMDogGZzDuzE2mNIeo=,iw+3laBukc8bzG/k4ooxV8lzAnE=
-15,-11,4ecIc6wpIzMDogGZzDuzE2mNIeo=,iw+3laBukc8bzG/k4ooxV8lzAnE=
-14,-11,4ecIc6wpIzMDogGZzDuzE2mNIeo=,iw+3laBukc8bzG/k4ooxV8lzAnE=
-13,-11,4ecIc6wpIzMDogGZzDuzE2mNIeo=,iw+3laBukc8bzG/k4ooxV8lzAnE=
-15,-10,4ecIc6wpIzMDogGZzDuzE2mNIeo=,iw+3laBukc8bzG/k4ooxV8lzAnE=
-9,-15,4ecIc6wpIzMDogGZzDuzE2mNIeo=,5SiF5aIDUidLPEtSZI093KUZKsc=
-14,-10,4ecIc6wpIzMDogGZzDuzE2mNIeo=,iw+3laBukc8bzG/k4ooxV8lzAnE=
-13,-10,4ecIc6wpIzMDogGZzDuzE2mNIeo=,iw+3laBukc8bzG/k4ooxV8lzAnE=
-11,-15,4ecIc6wpIzMDogGZzDuzE2mNIeo=,5SiF5aIDUidLPEtSZI093KUZKsc=
-10,-15,4ecIc6wpIzMDogGZzDuzE2mNIeo=,5SiF5aIDUidLPEtSZI093KUZKsc=
-7,-16,4ecIc6wpIzMDogGZzDuzE2mNIeo=,5SiF5aIDUidLPEtSZI093KUZKsc=
-8,-16,4ecIc6wpIzMDogGZzDuzE2mNIeo=,5SiF5aIDUidLPEtSZI093KUZKsc=
-12,-13,4ecIc6wpIzMDogGZzDuzE2mNIeo=,5SiF5aIDUidLPEtSZI093KUZKsc=
-6,-16,4ecIc6wpIzMDogGZzDuzE2mNIeo=,5SiF5aIDUidLPEtSZI093KUZKsc=
-11,-16,4ecIc6wpIzMDogGZzDuzE2mNIeo=,5SiF5aIDUidLPEtSZI093KUZKsc=
-10,-16,4ecIc6wpIzMDogGZzDuzE2mNIeo=,5SiF5aIDUidLPEtSZI093KUZKsc=
-16,-15,4ecIc6wpIzMDogGZzDuzE2mNIeo=,iw+3laBukc8bzG/k4ooxV8lzAnE=
-15,-15,4ecIc6wpIzMDogGZzDuzE2mNIeo=,iw+3laBukc8bzG/k4ooxV8lzAnE=
-9,-16,4ecIc6wpIzMDogGZzDuzE2mNIeo=,5SiF5aIDUidLPEtSZI093KUZKsc=
-14,-15,4ecIc6wpIzMDogGZzDuzE2mNIeo=,iw+3laBukc8bzG/k4ooxV8lzAnE=
-3,-16,4ecIc6wpIzMDogGZzDuzE2mNIeo=,RRyBL0CLiUaxLVdd3hmjUubbRnk=
-12,-15,4ecIc6wpIzMDogGZzDuzE2mNIeo=,5SiF5aIDUidLPEtSZI093KUZKsc=
-2,-16,4ecIc6wpIzMDogGZzDuzE2mNIeo=,RRyBL0CLiUaxLVdd3hmjUubbRnk=
-16,-13,4ecIc6wpIzMDogGZzDuzE2mNIeo=,iw+3laBukc8bzG/k4ooxV8lzAnE=
-4,-16,4ecIc6wpIzMDogGZzDuzE2mNIeo=,RRyBL0CLiUaxLVdd3hmjUubbRnk=
-15,-13,4ecIc6wpIzMDogGZzDuzE2mNIeo=,iw+3laBukc8bzG/k4ooxV8lzAnE=
-5,-16,4ecIc6wpIzMDogGZzDuzE2mNIeo=,5SiF5aIDUidLPEtSZI093KUZKsc=
-14,-13,4ecIc6wpIzMDogGZzDuzE2mNIeo=,iw+3laBukc8bzG/k4ooxV8lzAnE=
-15,-16,4ecIc6wpIzMDogGZzDuzE2mNIeo=,iw+3laBukc8bzG/k4ooxV8lzAnE=
-13,-13,4ecIc6wpIzMDogGZzDuzE2mNIeo=,iw+3laBukc8bzG/k4ooxV8lzAnE=
-1,-12,4ecIc6wpIzMDogGZzDuzE2mNIeo=,abufid5DFt/Tf4Es19MlTOd92hg=
-13,-15,4ecIc6wpIzMDogGZzDuzE2mNIeo=,iw+3laBukc8bzG/k4ooxV8lzAnE=
-1,-11,4ecIc6wpIzMDogGZzDuzE2mNIeo=,abufid5DFt/Tf4Es19MlTOd92hg=
-16,-14,4ecIc6wpIzMDogGZzDuzE2mNIeo=,iw+3laBukc8bzG/k4ooxV8lzAnE=
-1,-13,4ecIc6wpIzMDogGZzDuzE2mNIeo=,RRyBL0CLiUaxLVdd3hmjUubbRnk=
-12,-16,4ecIc6wpIzMDogGZzDuzE2mNIeo=,5SiF5aIDUidLPEtSZI093KUZKsc=
-1,-10,4ecIc6wpIzMDogGZzDuzE2mNIeo=,abufid5DFt/Tf4Es19MlTOd92hg=
-15,-14,4ecIc6wpIzMDogGZzDuzE2mNIeo=,iw+3laBukc8bzG/k4ooxV8lzAnE=
-1,-14,4ecIc6wpIzMDogGZzDuzE2mNIeo=,RRyBL0CLiUaxLVdd3hmjUubbRnk=
-12,-12,4ecIc6wpIzMDogGZzDuzE2mNIeo=,rdQskRAvpsDoMYTWlw5MDlEybfQ=
-16,-12,4ecIc6wpIzMDogGZzDuzE2mNIeo=,iw+3laBukc8bzG/k4ooxV8lzAnE=
-13,-14,4ecIc6wpIzMDogGZzDuzE2mNIeo=,iw+3laBukc8bzG/k4ooxV8lzAnE=
-1,-15,4ecIc6wpIzMDogGZzDuzE2mNIeo=,RRyBL0CLiUaxLVdd3hmjUubbRnk=
-14,-14,4ecIc6wpIzMDogGZzDuzE2mNIeo=,iw+3laBukc8bzG/k4ooxV8lzAnE=
-15,-12,4ecIc6wpIzMDogGZzDuzE2mNIeo=,iw+3laBukc8bzG/k4ooxV8lzAnE=
-1,-8,4ecIc6wpIzMDogGZzDuzE2mNIeo=,XmlvSF3uPPsCodgk12qJNjfohOc=
-14,-12,4ecIc6wpIzMDogGZzDuzE2mNIeo=,iw+3laBukc8bzG/k4ooxV8lzAnE=
-1,-7,4ecIc6wpIzMDogGZzDuzE2mNIeo=,XmlvSF3uPPsCodgk12qJNjfohOc=
-1,-4,4ecIc6wpIzMDogGZzDuzE2mNIeo=,48/9Jr9tSOMPi9n3x5q8MT5lOqE=
-12,-14,4ecIc6wpIzMDogGZzDuzE2mNIeo=,5SiF5aIDUidLPEtSZI093KUZKsc=
-1,-9,4ecIc6wpIzMDogGZzDuzE2mNIeo=,abufid5DFt/Tf4Es19MlTOd92hg=
-1,-2,4ecIc6wpIzMDogGZzDuzE2mNIeo=,48/9Jr9tSOMPi9n3x5q8MT5lOqE=
-13,-12,4ecIc6wpIzMDogGZzDuzE2mNIeo=,iw+3laBukc8bzG/k4ooxV8lzAnE=
-1,-6,4ecIc6wpIzMDogGZzDuzE2mNIeo=,XmlvSF3uPPsCodgk12qJNjfohOc=
-1,-3,4ecIc6wpIzMDogGZzDuzE2mNIeo=,48/9Jr9tSOMPi9n3x5q8MT5lOqE=
-14,-16,4ecIc6wpIzMDogGZzDuzE2mNIeo=,iw+3laBukc8bzG/k4ooxV8lzAnE=
-3,-1,4ecIc6wpIzMDogGZzDuzE2mNIeo=,48/9Jr9tSOMPi9n3x5q8MT5lOqE=
-1,-5,4ecIc6wpIzMDogGZzDuzE2mNIeo=,XmlvSF3uPPsCodgk12qJNjfohOc=
-13,-16,4ecIc6wpIzMDogGZzDuzE2mNIeo=,iw+3laBukc8bzG/k4ooxV8lzAnE=
-2,-1,4ecIc6wpIzMDogGZzDuzE2mNIeo=,48/9Jr9tSOMPi9n3x5q8MT5lOqE=
-16,-2,4ecIc6wpIzMDogGZzDuzE2mNIeo=,iw+3laBukc8bzG/k4ooxV8lzAnE=
-16,-3,4ecIc6wpIzMDogGZzDuzE2mNIeo=,iw+3laBukc8bzG/k4ooxV8lzAnE=
-14,-1,4ecIc6wpIzMDogGZzDuzE2mNIeo=,iw+3laBukc8bzG/k4ooxV8lzAnE=
-15,-1,4ecIc6wpIzMDogGZzDuzE2mNIeo=,iw+3laBukc8bzG/k4ooxV8lzAnE=
-16,-1,4ecIc6wpIzMDogGZzDuzE2mNIeo=,iw+3laBukc8bzG/k4ooxV8lzAnE=
-4,-1,4ecIc6wpIzMDogGZzDuzE2mNIeo=,48/9Jr9tSOMPi9n3x5q8MT5lOqE=
-1,-1,4ecIc6wpIzMDogGZzDuzE2mNIeo=,48/9Jr9tSOMPi9n3x5q8MT5lOqE=
-7,-1,4ecIc6wpIzMDogGZzDuzE2mNIeo=,KxPxsUZ/yiSV8ttcfAktlWVSOlc=
-6,-1,4ecIc6wpIzMDogGZzDuzE2mNIeo=,KxPxsUZ/yiSV8ttcfAktlWVSOlc=
-5,-1,4ecIc6wpIzMDogGZzDuzE2mNIeo=,KxPxsUZ/yiSV8ttcfAktlWVSOlc=
-16,-4,4ecIc6wpIzMDogGZzDuzE2mNIeo=,iw+3laBukc8bzG/k4ooxV8lzAnE=
-13,-1,4ecIc6wpIzMDogGZzDuzE2mNIeo=,iw+3laBukc8bzG/k4ooxV8lzAnE=
-16,-5,4ecIc6wpIzMDogGZzDuzE2mNIeo=,iw+3laBukc8bzG/k4ooxV8lzAnE=
-8,-1,4ecIc6wpIzMDogGZzDuzE2mNIeo=,KxPxsUZ/yiSV8ttcfAktlWVSOlc=
-16,-7,4ecIc6wpIzMDogGZzDuzE2mNIeo=,iw+3laBukc8bzG/k4ooxV8lzAnE=
-12,-1,4ecIc6wpIzMDogGZzDuzE2mNIeo=,iw+3laBukc8bzG/k4ooxV8lzAnE=
-16,-9,4ecIc6wpIzMDogGZzDuzE2mNIeo=,iw+3laBukc8bzG/k4ooxV8lzAnE=
-11,-1,4ecIc6wpIzMDogGZzDuzE2mNIeo=,iw+3laBukc8bzG/k4ooxV8lzAnE=
-16,-6,4ecIc6wpIzMDogGZzDuzE2mNIeo=,iw+3laBukc8bzG/k4ooxV8lzAnE=
-10,-1,4ecIc6wpIzMDogGZzDuzE2mNIeo=,iw+3laBukc8bzG/k4ooxV8lzAnE=
-16,-8,4ecIc6wpIzMDogGZzDuzE2mNIeo=,iw+3laBukc8bzG/k4ooxV8lzAnE=
-9,-1,4ecIc6wpIzMDogGZzDuzE2mNIeo=,iw+3laBukc8bzG/k4ooxV8lzAnE=
-1,-16,4ecIc6wpIzMDogGZzDuzE2mNIeo=,RRyBL0CLiUaxLVdd3hmjUubbRnk=
-16,-16,4ecIc6wpIzMDogGZzDuzE2mNIeo=,iw+3laBukc8bzG/k4ooxV8lzAnE=
-7,-22,4ecIc6wpIzMDogGZzDuzE2mNIeo=,qceTmhIcifmbkEVT1qs8t4anziY=
-6,-23,4ecIc6wpIzMDogGZzDuzE2mNIeo=,qceTmhIcifmbkEVT1qs8t4anziY=
-7,-23,4ecIc6wpIzMDogGZzDuzE2mNIeo=,qceTmhIcifmbkEVT1qs8t4anziY=
-6,-22,4ecIc6wpIzMDogGZzDuzE2mNIeo=,qceTmhIcifmbkEVT1qs8t4anziY=
-11,-27,4ecIc6wpIzMDogGZzDuzE2mNIeo=,qceTmhIcifmbkEVT1qs8t4anziY=
-10,-26,4ecIc6wpIzMDogGZzDuzE2mNIeo=,qceTmhIcifmbkEVT1qs8t4anziY=
-11,-26,4ecIc6wpIzMDogGZzDuzE2mNIeo=,qceTmhIcifmbkEVT1qs8t4anziY=
-10,-27,4ecIc6wpIzMDogGZzDuzE2mNIeo=,qceTmhIcifmbkEVT1qs8t4anziY=
-11,-25,4ecIc6wpIzMDogGZzDuzE2mNIeo=,qceTmhIcifmbkEVT1qs8t4anziY=
-10,-25,4ecIc6wpIzMDogGZzDuzE2mNIeo=,qceTmhIcifmbkEVT1qs8t4anziY=
-8,-22,4ecIc6wpIzMDogGZzDuzE2mNIeo=,qceTmhIcifmbkEVT1qs8t4anziY=
-11,-24,4ecIc6wpIzMDogGZzDuzE2mNIeo=,qceTmhIcifmbkEVT1qs8t4anziY=
-10,-24,4ecIc6wpIzMDogGZzDuzE2mNIeo=,qceTmhIcifmbkEVT1qs8t4anziY=
-11,-23,4ecIc6wpIzMDogGZzDuzE2mNIeo=,qceTmhIcifmbkEVT1qs8t4anziY=
-8,-23,4ecIc6wpIzMDogGZzDuzE2mNIeo=,qceTmhIcifmbkEVT1qs8t4anziY=
-10,-23,PLywn0S0eW765d/RdH7Ez9/gg90=,qceTmhIcifmbkEVT1qs8t4anziY=
-11,-20,PLywn0S0eW765d/RdH7Ez9/gg90=,rCgTs+pitcwwZ7/RWH+nNRCQLy0=
-10,-20,PLywn0S0eW765d/RdH7Ez9/gg90=,rCgTs+pitcwwZ7/RWH+nNRCQLy0=
-10,-18,PLywn0S0eW765d/RdH7Ez9/gg90=,rCgTs+pitcwwZ7/RWH+nNRCQLy0=
-11,-21,PLywn0S0eW765d/RdH7Ez9/gg90=,qceTmhIcifmbkEVT1qs8t4anziY=
-9,-22,PLywn0S0eW765d/RdH7Ez9/gg90=,qceTmhIcifmbkEVT1qs8t4anziY=
-11,-18,PLywn0S0eW765d/RdH7Ez9/gg90=,rCgTs+pitcwwZ7/RWH+nNRCQLy0=
-10,-19,PLywn0S0eW765d/RdH7Ez9/gg90=,rCgTs+pitcwwZ7/RWH+nNRCQLy0=
-9,-21,PLywn0S0eW765d/RdH7Ez9/gg90=,qceTmhIcifmbkEVT1qs8t4anziY=
-8,-19,PLywn0S0eW765d/RdH7Ez9/gg90=,qceTmhIcifmbkEVT1qs8t4anziY=
-8,-21,PLywn0S0eW765d/RdH7Ez9/gg90=,qceTmhIcifmbkEVT1qs8t4anziY=
-9,-20,PLywn0S0eW765d/RdH7Ez9/gg90=,rCgTs+pitcwwZ7/RWH+nNRCQLy0=
-7,-19,PLywn0S0eW765d/RdH7Ez9/gg90=,qceTmhIcifmbkEVT1qs8t4anziY=
-9,-18,PLywn0S0eW765d/RdH7Ez9/gg90=,rCgTs+pitcwwZ7/RWH+nNRCQLy0=
-10,-21,PLywn0S0eW765d/RdH7Ez9/gg90=,qceTmhIcifmbkEVT1qs8t4anziY=
-7,-21,PLywn0S0eW765d/RdH7Ez9/gg90=,qceTmhIcifmbkEVT1qs8t4anziY=
-8,-18,PLywn0S0eW765d/RdH7Ez9/gg90=,qceTmhIcifmbkEVT1qs8t4anziY=
-6,-19,PLywn0S0eW765d/RdH7Ez9/gg90=,qceTmhIcifmbkEVT1qs8t4anziY=
-8,-20,PLywn0S0eW765d/RdH7Ez9/gg90=,qceTmhIcifmbkEVT1qs8t4anziY=
-6,-21,PLywn0S0eW765d/RdH7Ez9/gg90=,qceTmhIcifmbkEVT1qs8t4anziY=
-7,-20,PLywn0S0eW765d/RdH7Ez9/gg90=,qceTmhIcifmbkEVT1qs8t4anziY=
-6,-18,PLywn0S0eW765d/RdH7Ez9/gg90=,qceTmhIcifmbkEVT1qs8t4anziY=
-11,-19,PLywn0S0eW765d/RdH7Ez9/gg90=,rCgTs+pitcwwZ7/RWH+nNRCQLy0=
-10,-22,PLywn0S0eW765d/RdH7Ez9/gg90=,qceTmhIcifmbkEVT1qs8t4anziY=
-6,-20,PLywn0S0eW765d/RdH7Ez9/gg90=,qceTmhIcifmbkEVT1qs8t4anziY=
-9,-19,PLywn0S0eW765d/RdH7Ez9/gg90=,rCgTs+pitcwwZ7/RWH+nNRCQLy0=
-7,-18,PLywn0S0eW765d/RdH7Ez9/gg90=,qceTmhIcifmbkEVT1qs8t4anziY=
-15,-27,PLywn0S0eW765d/RdH7Ez9/gg90=,qceTmhIcifmbkEVT1qs8t4anziY=
-12,-27,PLywn0S0eW765d/RdH7Ez9/gg90=,qceTmhIcifmbkEVT1qs8t4anziY=
-14,-27,PLywn0S0eW765d/RdH7Ez9/gg90=,qceTmhIcifmbkEVT1qs8t4anziY=
-13,-27,PLywn0S0eW765d/RdH7Ez9/gg90=,qceTmhIcifmbkEVT1qs8t4anziY=
-15,-26,PLywn0S0eW765d/RdH7Ez9/gg90=,qceTmhIcifmbkEVT1qs8t4anziY=
-14,-26,PLywn0S0eW765d/RdH7Ez9/gg90=,qceTmhIcifmbkEVT1qs8t4anziY=
-12,-26,PLywn0S0eW765d/RdH7Ez9/gg90=,qceTmhIcifmbkEVT1qs8t4anziY=
-13,-26,PLywn0S0eW765d/RdH7Ez9/gg90=,qceTmhIcifmbkEVT1qs8t4anziY=
-11,-22,PLywn0S0eW765d/RdH7Ez9/gg90=,qceTmhIcifmbkEVT1qs8t4anziY=
-9,-23,PLywn0S0eW765d/RdH7Ez9/gg90=,qceTmhIcifmbkEVT1qs8t4anziY=
-16,-27,PLywn0S0eW765d/RdH7Ez9/gg90=,qceTmhIcifmbkEVT1qs8t4anziY=
-16,-26,PLywn0S0eW765d/RdH7Ez9/gg90=,qceTmhIcifmbkEVT1qs8t4anziY=
-11,-17,PLywn0S0eW765d/RdH7Ez9/gg90=,rCgTs+pitcwwZ7/RWH+nNRCQLy0=
-10,-17,Rrd4zybQqMdNwtzOkgEF0dP5bxU=,rCgTs+pitcwwZ7/RWH+nNRCQLy0=
-8,-17,Rrd4zybQqMdNwtzOkgEF0dP5bxU=,qceTmhIcifmbkEVT1qs8t4anziY=
-9,-17,Rrd4zybQqMdNwtzOkgEF0dP5bxU=,rCgTs+pitcwwZ7/RWH+nNRCQLy0=
-12,-25,Rrd4zybQqMdNwtzOkgEF0dP5bxU=,qceTmhIcifmbkEVT1qs8t4anziY=
-16,-23,Rrd4zybQqMdNwtzOkgEF0dP5bxU=,qceTmhIcifmbkEVT1qs8t4anziY=
-16,-25,Rrd4zybQqMdNwtzOkgEF0dP5bxU=,qceTmhIcifmbkEVT1qs8t4anziY=
-15,-23,Rrd4zybQqMdNwtzOkgEF0dP5bxU=,qceTmhIcifmbkEVT1qs8t4anziY=
-15,-25,Rrd4zybQqMdNwtzOkgEF0dP5bxU=,qceTmhIcifmbkEVT1qs8t4anziY=
-12,-24,Rrd4zybQqMdNwtzOkgEF0dP5bxU=,qceTmhIcifmbkEVT1qs8t4anziY=
-14,-25,Rrd4zybQqMdNwtzOkgEF0dP5bxU=,qceTmhIcifmbkEVT1qs8t4anziY=
-13,-25,Rrd4zybQqMdNwtzOkgEF0dP5bxU=,qceTmhIcifmbkEVT1qs8t4anziY=
-12,-23,Rrd4zybQqMdNwtzOkgEF0dP5bxU=,qceTmhIcifmbkEVT1qs8t4anziY=
-14,-23,Rrd4zybQqMdNwtzOkgEF0dP5bxU=,qceTmhIcifmbkEVT1qs8t4anziY=
-7,-17,Rrd4zybQqMdNwtzOkgEF0dP5bxU=,qceTmhIcifmbkEVT1qs8t4anziY=
-6,-17,Rrd4zybQqMdNwtzOkgEF0dP5bxU=,qceTmhIcifmbkEVT1qs8t4anziY=
-13,-23,Rrd4zybQqMdNwtzOkgEF0dP5bxU=,qceTmhIcifmbkEVT1qs8t4anziY=
-16,-22,Rrd4zybQqMdNwtzOkgEF0dP5bxU=,qceTmhIcifmbkEVT1qs8t4anziY=
-15,-22,Rrd4zybQqMdNwtzOkgEF0dP5bxU=,qceTmhIcifmbkEVT1qs8t4anziY=
-14,-22,Rrd4zybQqMdNwtzOkgEF0dP5bxU=,qceTmhIcifmbkEVT1qs8t4anziY=
-2,-22,Rrd4zybQqMdNwtzOkgEF0dP5bxU=,qceTmhIcifmbkEVT1qs8t4anziY=
-4,-23,Rrd4zybQqMdNwtzOkgEF0dP5bxU=,qceTmhIcifmbkEVT1qs8t4anziY=
-4,-22,Rrd4zybQqMdNwtzOkgEF0dP5bxU=,qceTmhIcifmbkEVT1qs8t4anziY=
-3,-22,Rrd4zybQqMdNwtzOkgEF0dP5bxU=,qceTmhIcifmbkEVT1qs8t4anziY=
-3,-23,Rrd4zybQqMdNwtzOkgEF0dP5bxU=,qceTmhIcifmbkEVT1qs8t4anziY=
-5,-23,Rrd4zybQqMdNwtzOkgEF0dP5bxU=,qceTmhIcifmbkEVT1qs8t4anziY=
-2,-23,Rrd4zybQqMdNwtzOkgEF0dP5bxU=,qceTmhIcifmbkEVT1qs8t4anziY=
-5,-22,Rrd4zybQqMdNwtzOkgEF0dP5bxU=,qceTmhIcifmbkEVT1qs8t4anziY=
-13,-22,Rrd4zybQqMdNwtzOkgEF0dP5bxU=,qceTmhIcifmbkEVT1qs8t4anziY=
-3,-24,Rrd4zybQqMdNwtzOkgEF0dP5bxU=,qceTmhIcifmbkEVT1qs8t4anziY=
-2,-24,Rrd4zybQqMdNwtzOkgEF0dP5bxU=,qceTmhIcifmbkEVT1qs8t4anziY=
-12,-22,Rrd4zybQqMdNwtzOkgEF0dP5bxU=,qceTmhIcifmbkEVT1qs8t4anziY=
-16,-24,Rrd4zybQqMdNwtzOkgEF0dP5bxU=,qceTmhIcifmbkEVT1qs8t4anziY=
-15,-24,Rrd4zybQqMdNwtzOkgEF0dP5bxU=,qceTmhIcifmbkEVT1qs8t4anziY=
-14,-24,Rrd4zybQqMdNwtzOkgEF0dP5bxU=,qceTmhIcifmbkEVT1qs8t4anziY=
-13,-24,Rrd4zybQqMdNwtzOkgEF0dP5bxU=,qceTmhIcifmbkEVT1qs8t4anziY=
-1,-22,Rrd4zybQqMdNwtzOkgEF0dP5bxU=,qceTmhIcifmbkEVT1qs8t4anziY=
-1,-23,Rrd4zybQqMdNwtzOkgEF0dP5bxU=,qceTmhIcifmbkEVT1qs8t4anziY=
-1,-24,Rrd4zybQqMdNwtzOkgEF0dP5bxU=,qceTmhIcifmbkEVT1qs8t4anziY=
-4,-24,Rrd4zybQqMdNwtzOkgEF0dP5bxU=,qceTmhIcifmbkEVT1qs8t4anziY=
-9,-25,Rrd4zybQqMdNwtzOkgEF0dP5bxU=,qceTmhIcifmbkEVT1qs8t4anziY=
-8,-25,Rrd4zybQqMdNwtzOkgEF0dP5bxU=,qceTmhIcifmbkEVT1qs8t4anziY=
-7,-25,Rrd4zybQqMdNwtzOkgEF0dP5bxU=,qceTmhIcifmbkEVT1qs8t4anziY=
-9,-24,Rrd4zybQqMdNwtzOkgEF0dP5bxU=,qceTmhIcifmbkEVT1qs8t4anziY=
-6,-24,Rrd4zybQqMdNwtzOkgEF0dP5bxU=,qceTmhIcifmbkEVT1qs8t4anziY=
-6,-25,Rrd4zybQqMdNwtzOkgEF0dP5bxU=,qceTmhIcifmbkEVT1qs8t4anziY=
-5,-24,Rrd4zybQqMdNwtzOkgEF0dP5bxU=,qceTmhIcifmbkEVT1qs8t4anziY=
-5,-25,Rrd4zybQqMdNwtzOkgEF0dP5bxU=,qceTmhIcifmbkEVT1qs8t4anziY=
-8,-24,Rrd4zybQqMdNwtzOkgEF0dP5bxU=,qceTmhIcifmbkEVT1qs8t4anziY=
-8,-27,Rrd4zybQqMdNwtzOkgEF0dP5bxU=,qceTmhIcifmbkEVT1qs8t4anziY=
-7,-24,Rrd4zybQqMdNwtzOkgEF0dP5bxU=,qceTmhIcifmbkEVT1qs8t4anziY=
-7,-27,Rrd4zybQqMdNwtzOkgEF0dP5bxU=,qceTmhIcifmbkEVT1qs8t4anziY=
-6,-27,Rrd4zybQqMdNwtzOkgEF0dP5bxU=,qceTmhIcifmbkEVT1qs8t4anziY=
-5,-27,Rrd4zybQqMdNwtzOkgEF0dP5bxU=,qceTmhIcifmbkEVT1qs8t4anziY=
-8,-26,Rrd4zybQqMdNwtzOkgEF0dP5bxU=,qceTmhIcifmbkEVT1qs8t4anziY=
-7,-26,Rrd4zybQqMdNwtzOkgEF0dP5bxU=,qceTmhIcifmbkEVT1qs8t4anziY=
-9,-27,Rrd4zybQqMdNwtzOkgEF0dP5bxU=,qceTmhIcifmbkEVT1qs8t4anziY=
-6,-26,Rrd4zybQqMdNwtzOkgEF0dP5bxU=,qceTmhIcifmbkEVT1qs8t4anziY=
-9,-26,Rrd4zybQqMdNwtzOkgEF0dP5bxU=,qceTmhIcifmbkEVT1qs8t4anziY=
-5,-26,Rrd4zybQqMdNwtzOkgEF0dP5bxU=,qceTmhIcifmbkEVT1qs8t4anziY=
-7,-28,Rrd4zybQqMdNwtzOkgEF0dP5bxU=,qceTmhIcifmbkEVT1qs8t4anziY=
-6,-28,Rrd4zybQqMdNwtzOkgEF0dP5bxU=,qceTmhIcifmbkEVT1qs8t4anziY=
-8,-28,Rrd4zybQqMdNwtzOkgEF0dP5bxU=,qceTmhIcifmbkEVT1qs8t4anziY=
-11,-28,Rrd4zybQqMdNwtzOkgEF0dP5bxU=,qceTmhIcifmbkEVT1qs8t4anziY=
-10,-28,Rrd4zybQqMdNwtzOkgEF0dP5bxU=,qceTmhIcifmbkEVT1qs8t4anziY=
-9,-28,Rrd4zybQqMdNwtzOkgEF0dP5bxU=,qceTmhIcifmbkEVT1qs8t4anziY=
-15,-28,Rrd4zybQqMdNwtzOkgEF0dP5bxU=,qceTmhIcifmbkEVT1qs8t4anziY=
-13,-28,Rrd4zybQqMdNwtzOkgEF0dP5bxU=,qceTmhIcifmbkEVT1qs8t4anziY=
-12,-28,Rrd4zybQqMdNwtzOkgEF0dP5bxU=,qceTmhIcifmbkEVT1qs8t4anziY=
-14,-28,Rrd4zybQqMdNwtzOkgEF0dP5bxU=,qceTmhIcifmbkEVT1qs8t4anziY=
-5,-28,Rrd4zybQqMdNwtzOkgEF0dP5bxU=,qceTmhIcifmbkEVT1qs8t4anziY=
-16,-28,Rrd4zybQqMdNwtzOkgEF0dP5bxU=,qceTmhIcifmbkEVT1qs8t4anziY=
-12,-17,Rrd4zybQqMdNwtzOkgEF0dP5bxU=,rCgTs+pitcwwZ7/RWH+nNRCQLy0=
-16,-19,Rrd4zybQqMdNwtzOkgEF0dP5bxU=,iw+3laBukc8bzG/k4ooxV8lzAnE=
-15,-19,Rrd4zybQqMdNwtzOkgEF0dP5bxU=,iw+3laBukc8bzG/k4ooxV8lzAnE=
-12,-18,Rrd4zybQqMdNwtzOkgEF0dP5bxU=,rCgTs+pitcwwZ7/RWH+nNRCQLy0=
-14,-19,Rrd4zybQqMdNwtzOkgEF0dP5bxU=,iw+3laBukc8bzG/k4ooxV8lzAnE=
-13,-20,Rrd4zybQqMdNwtzOkgEF0dP5bxU=,iw+3laBukc8bzG/k4ooxV8lzAnE=
-13,-19,Rrd4zybQqMdNwtzOkgEF0dP5bxU=,iw+3laBukc8bzG/k4ooxV8lzAnE=
-16,-17,Rrd4zybQqMdNwtzOkgEF0dP5bxU=,iw+3laBukc8bzG/k4ooxV8lzAnE=
-14,-20,Rrd4zybQqMdNwtzOkgEF0dP5bxU=,iw+3laBukc8bzG/k4ooxV8lzAnE=
-12,-20,Rrd4zybQqMdNwtzOkgEF0dP5bxU=,rCgTs+pitcwwZ7/RWH+nNRCQLy0=
-12,-21,Rrd4zybQqMdNwtzOkgEF0dP5bxU=,qceTmhIcifmbkEVT1qs8t4anziY=
-14,-17,Rrd4zybQqMdNwtzOkgEF0dP5bxU=,iw+3laBukc8bzG/k4ooxV8lzAnE=
-16,-18,Rrd4zybQqMdNwtzOkgEF0dP5bxU=,iw+3laBukc8bzG/k4ooxV8lzAnE=
-15,-20,Rrd4zybQqMdNwtzOkgEF0dP5bxU=,iw+3laBukc8bzG/k4ooxV8lzAnE=
-13,-17,Rrd4zybQqMdNwtzOkgEF0dP5bxU=,iw+3laBukc8bzG/k4ooxV8lzAnE=
-15,-18,Rrd4zybQqMdNwtzOkgEF0dP5bxU=,iw+3laBukc8bzG/k4ooxV8lzAnE=
-14,-18,Rrd4zybQqMdNwtzOkgEF0dP5bxU=,iw+3laBukc8bzG/k4ooxV8lzAnE=
-16,-21,Rrd4zybQqMdNwtzOkgEF0dP5bxU=,qceTmhIcifmbkEVT1qs8t4anziY=
-13,-18,Rrd4zybQqMdNwtzOkgEF0dP5bxU=,iw+3laBukc8bzG/k4ooxV8lzAnE=
-15,-21,Rrd4zybQqMdNwtzOkgEF0dP5bxU=,qceTmhIcifmbkEVT1qs8t4anziY=
-12,-19,Rrd4zybQqMdNwtzOkgEF0dP5bxU=,rCgTs+pitcwwZ7/RWH+nNRCQLy0=
-14,-21,Rrd4zybQqMdNwtzOkgEF0dP5bxU=,qceTmhIcifmbkEVT1qs8t4anziY=
-13,-21,Rrd4zybQqMdNwtzOkgEF0dP5bxU=,qceTmhIcifmbkEVT1qs8t4anziY=
-16,-20,Rrd4zybQqMdNwtzOkgEF0dP5bxU=,iw+3laBukc8bzG/k4ooxV8lzAnE=
-4,-17,Rrd4zybQqMdNwtzOkgEF0dP5bxU=,qceTmhIcifmbkEVT1qs8t4anziY=
-5,-18,Rrd4zybQqMdNwtzOkgEF0dP5bxU=,qceTmhIcifmbkEVT1qs8t4anziY=
-5,-21,Rrd4zybQqMdNwtzOkgEF0dP5bxU=,qceTmhIcifmbkEVT1qs8t4anziY=
-3,-21,Rrd4zybQqMdNwtzOkgEF0dP5bxU=,qceTmhIcifmbkEVT1qs8t4anziY=
-3,-17,Rrd4zybQqMdNwtzOkgEF0dP5bxU=,qceTmhIcifmbkEVT1qs8t4anziY=
-5,-20,Rrd4zybQqMdNwtzOkgEF0dP5bxU=,qceTmhIcifmbkEVT1qs8t4anziY=
-2,-20,Rrd4zybQqMdNwtzOkgEF0dP5bxU=,qceTmhIcifmbkEVT1qs8t4anziY=
-5,-19,Rrd4zybQqMdNwtzOkgEF0dP5bxU=,qceTmhIcifmbkEVT1qs8t4anziY=
-3,-18,Rrd4zybQqMdNwtzOkgEF0dP5bxU=,qceTmhIcifmbkEVT1qs8t4anziY=
-1,-21,Rrd4zybQqMdNwtzOkgEF0dP5bxU=,qceTmhIcifmbkEVT1qs8t4anziY=
-15,-17,Rrd4zybQqMdNwtzOkgEF0dP5bxU=,iw+3laBukc8bzG/k4ooxV8lzAnE=
-1,-19,Rrd4zybQqMdNwtzOkgEF0dP5bxU=,qceTmhIcifmbkEVT1qs8t4anziY=
-3,-20,Rrd4zybQqMdNwtzOkgEF0dP5bxU=,qceTmhIcifmbkEVT1qs8t4anziY=
-2,-17,Rrd4zybQqMdNwtzOkgEF0dP5bxU=,qceTmhIcifmbkEVT1qs8t4anziY=
-1,-20,Rrd4zybQqMdNwtzOkgEF0dP5bxU=,qceTmhIcifmbkEVT1qs8t4anziY=
-4,-18,Rrd4zybQqMdNwtzOkgEF0dP5bxU=,qceTmhIcifmbkEVT1qs8t4anziY=
-4,-21,Rrd4zybQqMdNwtzOkgEF0dP5bxU=,qceTmhIcifmbkEVT1qs8t4anziY=
-2,-21,Rrd4zybQqMdNwtzOkgEF0dP5bxU=,qceTmhIcifmbkEVT1qs8t4anziY=
-5,-17,Rrd4zybQqMdNwtzOkgEF0dP5bxU=,qceTmhIcifmbkEVT1qs8t4anziY=
-2,-18,Rrd4zybQqMdNwtzOkgEF0dP5bxU=,qceTmhIcifmbkEVT1qs8t4anziY=
-1,-18,Rrd4zybQqMdNwtzOkgEF0dP5bxU=,qceTmhIcifmbkEVT1qs8t4anziY=
-2,-19,Rrd4zybQqMdNwtzOkgEF0dP5bxU=,qceTmhIcifmbkEVT1qs8t4anziY=
-4,-20,Rrd4zybQqMdNwtzOkgEF0dP5bxU=,qceTmhIcifmbkEVT1qs8t4anziY=
-1,-17,Rrd4zybQqMdNwtzOkgEF0dP5bxU=,qceTmhIcifmbkEVT1qs8t4anziY=
-4,-19,Rrd4zybQqMdNwtzOkgEF0dP5bxU=,qceTmhIcifmbkEVT1qs8t4anziY=
-3,-19,Rrd4zybQqMdNwtzOkgEF0dP5bxU=,qceTmhIcifmbkEVT1qs8t4anziY=
-19,-26,Uq1QldlEG5ch18Gtbih9GBk9EjY=,qceTmhIcifmbkEVT1qs8t4anziY=
-18,-26,Uq1QldlEG5ch18Gtbih9GBk9EjY=,qceTmhIcifmbkEVT1qs8t4anziY=
-19,-27,Uq1QldlEG5ch18Gtbih9GBk9EjY=,qceTmhIcifmbkEVT1qs8t4anziY=
-18,-27,Uq1QldlEG5ch18Gtbih9GBk9EjY=,qceTmhIcifmbkEVT1qs8t4anziY=
-20,-22,Uq1QldlEG5ch18Gtbih9GBk9EjY=,qceTmhIcifmbkEVT1qs8t4anziY=
-17,-22,Uq1QldlEG5ch18Gtbih9GBk9EjY=,qceTmhIcifmbkEVT1qs8t4anziY=
-17,-23,Uq1QldlEG5ch18Gtbih9GBk9EjY=,qceTmhIcifmbkEVT1qs8t4anziY=
-23,-19,Uq1QldlEG5ch18Gtbih9GBk9EjY=,iw+3laBukc8bzG/k4ooxV8lzAnE=
-22,-19,Uq1QldlEG5ch18Gtbih9GBk9EjY=,iw+3laBukc8bzG/k4ooxV8lzAnE=
-23,-18,Uq1QldlEG5ch18Gtbih9GBk9EjY=,iw+3laBukc8bzG/k4ooxV8lzAnE=
-22,-18,Uq1QldlEG5ch18Gtbih9GBk9EjY=,iw+3laBukc8bzG/k4ooxV8lzAnE=
-22,-20,Uq1QldlEG5ch18Gtbih9GBk9EjY=,iw+3laBukc8bzG/k4ooxV8lzAnE=
-23,-20,Uq1QldlEG5ch18Gtbih9GBk9EjY=,iw+3laBukc8bzG/k4ooxV8lzAnE=
-18,-24,Uq1QldlEG5ch18Gtbih9GBk9EjY=,qceTmhIcifmbkEVT1qs8t4anziY=
-19,-24,Uq1QldlEG5ch18Gtbih9GBk9EjY=,qceTmhIcifmbkEVT1qs8t4anziY=
-23,-17,Uq1QldlEG5ch18Gtbih9GBk9EjY=,iw+3laBukc8bzG/k4ooxV8lzAnE=
-22,-17,Uq1QldlEG5ch18Gtbih9GBk9EjY=,iw+3laBukc8bzG/k4ooxV8lzAnE=
-24,-19,Uq1QldlEG5ch18Gtbih9GBk9EjY=,iw+3laBukc8bzG/k4ooxV8lzAnE=
-24,-18,Uq1QldlEG5ch18Gtbih9GBk9EjY=,iw+3laBukc8bzG/k4ooxV8lzAnE=
-18,-28,Uq1QldlEG5ch18Gtbih9GBk9EjY=,qceTmhIcifmbkEVT1qs8t4anziY=
-19,-28,Uq1QldlEG5ch18Gtbih9GBk9EjY=,qceTmhIcifmbkEVT1qs8t4anziY=
-24,-20,Uq1QldlEG5ch18Gtbih9GBk9EjY=,iw+3laBukc8bzG/k4ooxV8lzAnE=
-20,-25,Uq1QldlEG5ch18Gtbih9GBk9EjY=,qceTmhIcifmbkEVT1qs8t4anziY=
-20,-27,Uq1QldlEG5ch18Gtbih9GBk9EjY=,qceTmhIcifmbkEVT1qs8t4anziY=
-20,-26,Uq1QldlEG5ch18Gtbih9GBk9EjY=,qceTmhIcifmbkEVT1qs8t4anziY=
-20,-24,Uq1QldlEG5ch18Gtbih9GBk9EjY=,qceTmhIcifmbkEVT1qs8t4anziY=
-17,-25,Uq1QldlEG5ch18Gtbih9GBk9EjY=,qceTmhIcifmbkEVT1qs8t4anziY=
-17,-26,Uq1QldlEG5ch18Gtbih9GBk9EjY=,qceTmhIcifmbkEVT1qs8t4anziY=
-17,-28,Uq1QldlEG5ch18Gtbih9GBk9EjY=,qceTmhIcifmbkEVT1qs8t4anziY=
-17,-24,Uq1QldlEG5ch18Gtbih9GBk9EjY=,qceTmhIcifmbkEVT1qs8t4anziY=
-17,-27,Uq1QldlEG5ch18Gtbih9GBk9EjY=,qceTmhIcifmbkEVT1qs8t4anziY=
-24,-17,Uq1QldlEG5ch18Gtbih9GBk9EjY=,iw+3laBukc8bzG/k4ooxV8lzAnE=
-20,-28,Uq1QldlEG5ch18Gtbih9GBk9EjY=,qceTmhIcifmbkEVT1qs8t4anziY=
-18,-23,Uq1QldlEG5ch18Gtbih9GBk9EjY=,qceTmhIcifmbkEVT1qs8t4anziY=
-18,-25,Uq1QldlEG5ch18Gtbih9GBk9EjY=,qceTmhIcifmbkEVT1qs8t4anziY=
-19,-23,Uq1QldlEG5ch18Gtbih9GBk9EjY=,qceTmhIcifmbkEVT1qs8t4anziY=
-20,-23,Uq1QldlEG5ch18Gtbih9GBk9EjY=,qceTmhIcifmbkEVT1qs8t4anziY=
-19,-22,Uq1QldlEG5ch18Gtbih9GBk9EjY=,qceTmhIcifmbkEVT1qs8t4anziY=
-19,-25,Uq1QldlEG5ch18Gtbih9GBk9EjY=,qceTmhIcifmbkEVT1qs8t4anziY=
-18,-22,Uq1QldlEG5ch18Gtbih9GBk9EjY=,qceTmhIcifmbkEVT1qs8t4anziY=
-20,-18,Uq1QldlEG5ch18Gtbih9GBk9EjY=,iw+3laBukc8bzG/k4ooxV8lzAnE=
-21,-19,Uq1QldlEG5ch18Gtbih9GBk9EjY=,iw+3laBukc8bzG/k4ooxV8lzAnE=
-18,-21,Uq1QldlEG5ch18Gtbih9GBk9EjY=,qceTmhIcifmbkEVT1qs8t4anziY=
-17,-21,Uq1QldlEG5ch18Gtbih9GBk9EjY=,qceTmhIcifmbkEVT1qs8t4anziY=
-20,-20,Uq1QldlEG5ch18Gtbih9GBk9EjY=,iw+3laBukc8bzG/k4ooxV8lzAnE=
-19,-18,Uq1QldlEG5ch18Gtbih9GBk9EjY=,iw+3laBukc8bzG/k4ooxV8lzAnE=
-19,-20,Uq1QldlEG5ch18Gtbih9GBk9EjY=,iw+3laBukc8bzG/k4ooxV8lzAnE=
-21,-18,Uq1QldlEG5ch18Gtbih9GBk9EjY=,iw+3laBukc8bzG/k4ooxV8lzAnE=
-21,-17,Uq1QldlEG5ch18Gtbih9GBk9EjY=,iw+3laBukc8bzG/k4ooxV8lzAnE=
-20,-21,Uq1QldlEG5ch18Gtbih9GBk9EjY=,qceTmhIcifmbkEVT1qs8t4anziY=
-17,-20,Uq1QldlEG5ch18Gtbih9GBk9EjY=,iw+3laBukc8bzG/k4ooxV8lzAnE=
-21,-20,Uq1QldlEG5ch18Gtbih9GBk9EjY=,iw+3laBukc8bzG/k4ooxV8lzAnE=
-19,-21,Uq1QldlEG5ch18Gtbih9GBk9EjY=,qceTmhIcifmbkEVT1qs8t4anziY=
-17,-18,Uq1QldlEG5ch18Gtbih9GBk9EjY=,iw+3laBukc8bzG/k4ooxV8lzAnE=
-17,-17,Uq1QldlEG5ch18Gtbih9GBk9EjY=,iw+3laBukc8bzG/k4ooxV8lzAnE=
-18,-17,Uq1QldlEG5ch18Gtbih9GBk9EjY=,iw+3laBukc8bzG/k4ooxV8lzAnE=
-18,-18,Uq1QldlEG5ch18Gtbih9GBk9EjY=,iw+3laBukc8bzG/k4ooxV8lzAnE=
-18,-20,Uq1QldlEG5ch18Gtbih9GBk9EjY=,iw+3laBukc8bzG/k4ooxV8lzAnE=
-20,-19,Uq1QldlEG5ch18Gtbih9GBk9EjY=,iw+3laBukc8bzG/k4ooxV8lzAnE=
-19,-17,Uq1QldlEG5ch18Gtbih9GBk9EjY=,iw+3laBukc8bzG/k4ooxV8lzAnE=
-19,-19,Uq1QldlEG5ch18Gtbih9GBk9EjY=,iw+3laBukc8bzG/k4ooxV8lzAnE=
-18,-19,Uq1QldlEG5ch18Gtbih9GBk9EjY=,iw+3laBukc8bzG/k4ooxV8lzAnE=
-20,-17,Uq1QldlEG5ch18Gtbih9GBk9EjY=,iw+3laBukc8bzG/k4ooxV8lzAnE=
-17,-19,Uq1QldlEG5ch18Gtbih9GBk9EjY=,iw+3laBukc8bzG/k4ooxV8lzAnE=
-23,-7,Uq1QldlEG5ch18Gtbih9GBk9EjY=,iw+3laBukc8bzG/k4ooxV8lzAnE=
-22,-7,Uq1QldlEG5ch18Gtbih9GBk9EjY=,iw+3laBukc8bzG/k4ooxV8lzAnE=
-23,-6,Uq1QldlEG5ch18Gtbih9GBk9EjY=,iw+3laBukc8bzG/k4ooxV8lzAnE=
-22,-6,Uq1QldlEG5ch18Gtbih9GBk9EjY=,iw+3laBukc8bzG/k4ooxV8lzAnE=
-23,-9,Uq1QldlEG5ch18Gtbih9GBk9EjY=,iw+3laBukc8bzG/k4ooxV8lzAnE=
-22,-9,Uq1QldlEG5ch18Gtbih9GBk9EjY=,iw+3laBukc8bzG/k4ooxV8lzAnE=
-23,-11,Uq1QldlEG5ch18Gtbih9GBk9EjY=,iw+3laBukc8bzG/k4ooxV8lzAnE=
-22,-11,Uq1QldlEG5ch18Gtbih9GBk9EjY=,iw+3laBukc8bzG/k4ooxV8lzAnE=
-23,-8,Uq1QldlEG5ch18Gtbih9GBk9EjY=,iw+3laBukc8bzG/k4ooxV8lzAnE=
-23,-10,Uq1QldlEG5ch18Gtbih9GBk9EjY=,iw+3laBukc8bzG/k4ooxV8lzAnE=
-22,-8,Uq1QldlEG5ch18Gtbih9GBk9EjY=,iw+3laBukc8bzG/k4ooxV8lzAnE=
-22,-10,Uq1QldlEG5ch18Gtbih9GBk9EjY=,iw+3laBukc8bzG/k4ooxV8lzAnE=
-23,-15,Uq1QldlEG5ch18Gtbih9GBk9EjY=,iw+3laBukc8bzG/k4ooxV8lzAnE=
-22,-15,Uq1QldlEG5ch18Gtbih9GBk9EjY=,iw+3laBukc8bzG/k4ooxV8lzAnE=
-23,-13,Uq1QldlEG5ch18Gtbih9GBk9EjY=,iw+3laBukc8bzG/k4ooxV8lzAnE=
-22,-13,Uq1QldlEG5ch18Gtbih9GBk9EjY=,iw+3laBukc8bzG/k4ooxV8lzAnE=
-23,-12,Uq1QldlEG5ch18Gtbih9GBk9EjY=,iw+3laBukc8bzG/k4ooxV8lzAnE=
-22,-12,Uq1QldlEG5ch18Gtbih9GBk9EjY=,iw+3laBukc8bzG/k4ooxV8lzAnE=
-23,-14,Uq1QldlEG5ch18Gtbih9GBk9EjY=,iw+3laBukc8bzG/k4ooxV8lzAnE=
-22,-14,Uq1QldlEG5ch18Gtbih9GBk9EjY=,iw+3laBukc8bzG/k4ooxV8lzAnE=
-19,-3,XJ4yG/FrmpTU92BdPN4R70u5Buw=,iw+3laBukc8bzG/k4ooxV8lzAnE=
-18,-3,XJ4yG/FrmpTU92BdPN4R70u5Buw=,iw+3laBukc8bzG/k4ooxV8lzAnE=
-19,-2,XJ4yG/FrmpTU92BdPN4R70u5Buw=,iw+3laBukc8bzG/k4ooxV8lzAnE=
-18,-2,XJ4yG/FrmpTU92BdPN4R70u5Buw=,iw+3laBukc8bzG/k4ooxV8lzAnE=
-23,-3,XJ4yG/FrmpTU92BdPN4R70u5Buw=,iw+3laBukc8bzG/k4ooxV8lzAnE=
-22,-3,XJ4yG/FrmpTU92BdPN4R70u5Buw=,iw+3laBukc8bzG/k4ooxV8lzAnE=
-18,-4,XJ4yG/FrmpTU92BdPN4R70u5Buw=,iw+3laBukc8bzG/k4ooxV8lzAnE=
-19,-5,XJ4yG/FrmpTU92BdPN4R70u5Buw=,iw+3laBukc8bzG/k4ooxV8lzAnE=
-20,-4,XJ4yG/FrmpTU92BdPN4R70u5Buw=,iw+3laBukc8bzG/k4ooxV8lzAnE=
-21,-7,XJ4yG/FrmpTU92BdPN4R70u5Buw=,iw+3laBukc8bzG/k4ooxV8lzAnE=
-19,-4,XJ4yG/FrmpTU92BdPN4R70u5Buw=,iw+3laBukc8bzG/k4ooxV8lzAnE=
-21,-6,XJ4yG/FrmpTU92BdPN4R70u5Buw=,iw+3laBukc8bzG/k4ooxV8lzAnE=
-18,-5,XJ4yG/FrmpTU92BdPN4R70u5Buw=,iw+3laBukc8bzG/k4ooxV8lzAnE=
-20,-6,XJ4yG/FrmpTU92BdPN4R70u5Buw=,iw+3laBukc8bzG/k4ooxV8lzAnE=
-20,-5,XJ4yG/FrmpTU92BdPN4R70u5Buw=,iw+3laBukc8bzG/k4ooxV8lzAnE=
-21,-5,XJ4yG/FrmpTU92BdPN4R70u5Buw=,iw+3laBukc8bzG/k4ooxV8lzAnE=
-21,-4,XJ4yG/FrmpTU92BdPN4R70u5Buw=,iw+3laBukc8bzG/k4ooxV8lzAnE=
-19,-6,XJ4yG/FrmpTU92BdPN4R70u5Buw=,iw+3laBukc8bzG/k4ooxV8lzAnE=
-20,-7,XJ4yG/FrmpTU92BdPN4R70u5Buw=,iw+3laBukc8bzG/k4ooxV8lzAnE=
-19,-7,XJ4yG/FrmpTU92BdPN4R70u5Buw=,iw+3laBukc8bzG/k4ooxV8lzAnE=
-22,-4,XJ4yG/FrmpTU92BdPN4R70u5Buw=,iw+3laBukc8bzG/k4ooxV8lzAnE=
-23,-4,XJ4yG/FrmpTU92BdPN4R70u5Buw=,iw+3laBukc8bzG/k4ooxV8lzAnE=
-22,-5,XJ4yG/FrmpTU92BdPN4R70u5Buw=,iw+3laBukc8bzG/k4ooxV8lzAnE=
-20,-2,XJ4yG/FrmpTU92BdPN4R70u5Buw=,iw+3laBukc8bzG/k4ooxV8lzAnE=
-23,-5,XJ4yG/FrmpTU92BdPN4R70u5Buw=,iw+3laBukc8bzG/k4ooxV8lzAnE=
-21,-2,XJ4yG/FrmpTU92BdPN4R70u5Buw=,iw+3laBukc8bzG/k4ooxV8lzAnE=
-22,-2,XJ4yG/FrmpTU92BdPN4R70u5Buw=,iw+3laBukc8bzG/k4ooxV8lzAnE=
-23,-2,XJ4yG/FrmpTU92BdPN4R70u5Buw=,iw+3laBukc8bzG/k4ooxV8lzAnE=
-20,-3,XJ4yG/FrmpTU92BdPN4R70u5Buw=,iw+3laBukc8bzG/k4ooxV8lzAnE=
-21,-3,XJ4yG/FrmpTU92BdPN4R70u5Buw=,iw+3laBukc8bzG/k4ooxV8lzAnE=
-18,-7,XJ4yG/FrmpTU92BdPN4R70u5Buw=,iw+3laBukc8bzG/k4ooxV8lzAnE=
-18,-6,XJ4yG/FrmpTU92BdPN4R70u5Buw=,iw+3laBukc8bzG/k4ooxV8lzAnE=
-23,-16,XJ4yG/FrmpTU92BdPN4R70u5Buw=,iw+3laBukc8bzG/k4ooxV8lzAnE=
-22,-16,XJ4yG/FrmpTU92BdPN4R70u5Buw=,iw+3laBukc8bzG/k4ooxV8lzAnE=
-17,-3,XJ4yG/FrmpTU92BdPN4R70u5Buw=,iw+3laBukc8bzG/k4ooxV8lzAnE=
-17,-2,XJ4yG/FrmpTU92BdPN4R70u5Buw=,iw+3laBukc8bzG/k4ooxV8lzAnE=
-18,-1,XJ4yG/FrmpTU92BdPN4R70u5Buw=,iw+3laBukc8bzG/k4ooxV8lzAnE=
-19,-1,XJ4yG/FrmpTU92BdPN4R70u5Buw=,iw+3laBukc8bzG/k4ooxV8lzAnE=
-17,-7,XJ4yG/FrmpTU92BdPN4R70u5Buw=,iw+3laBukc8bzG/k4ooxV8lzAnE=
-24,-15,XJ4yG/FrmpTU92BdPN4R70u5Buw=,iw+3laBukc8bzG/k4ooxV8lzAnE=
-24,-14,XJ4yG/FrmpTU92BdPN4R70u5Buw=,iw+3laBukc8bzG/k4ooxV8lzAnE=
-24,-16,XJ4yG/FrmpTU92BdPN4R70u5Buw=,iw+3laBukc8bzG/k4ooxV8lzAnE=
-20,-1,XJ4yG/FrmpTU92BdPN4R70u5Buw=,iw+3laBukc8bzG/k4ooxV8lzAnE=
-23,-1,XJ4yG/FrmpTU92BdPN4R70u5Buw=,iw+3laBukc8bzG/k4ooxV8lzAnE=
-22,-1,XJ4yG/FrmpTU92BdPN4R70u5Buw=,iw+3laBukc8bzG/k4ooxV8lzAnE=
-21,-1,XJ4yG/FrmpTU92BdPN4R70u5Buw=,iw+3laBukc8bzG/k4ooxV8lzAnE=
-24,-3,XJ4yG/FrmpTU92BdPN4R70u5Buw=,iw+3laBukc8bzG/k4ooxV8lzAnE=
-24,-2,XJ4yG/FrmpTU92BdPN4R70u5Buw=,iw+3laBukc8bzG/k4ooxV8lzAnE=
-24,-7,XJ4yG/FrmpTU92BdPN4R70u5Buw=,iw+3laBukc8bzG/k4ooxV8lzAnE=
-24,-6,XJ4yG/FrmpTU92BdPN4R70u5Buw=,iw+3laBukc8bzG/k4ooxV8lzAnE=
-24,-5,XJ4yG/FrmpTU92BdPN4R70u5Buw=,iw+3laBukc8bzG/k4ooxV8lzAnE=
-24,-4,XJ4yG/FrmpTU92BdPN4R70u5Buw=,iw+3laBukc8bzG/k4ooxV8lzAnE=
-24,-1,XJ4yG/FrmpTU92BdPN4R70u5Buw=,iw+3laBukc8bzG/k4ooxV8lzAnE=
-24,-13,XJ4yG/FrmpTU92BdPN4R70u5Buw=,iw+3laBukc8bzG/k4ooxV8lzAnE=
-24,-9,XJ4yG/FrmpTU92BdPN4R70u5Buw=,iw+3laBukc8bzG/k4ooxV8lzAnE=
-24,-12,XJ4yG/FrmpTU92BdPN4R70u5Buw=,iw+3laBukc8bzG/k4ooxV8lzAnE=
-24,-11,XJ4yG/FrmpTU92BdPN4R70u5Buw=,iw+3laBukc8bzG/k4ooxV8lzAnE=
-24,-8,XJ4yG/FrmpTU92BdPN4R70u5Buw=,iw+3laBukc8bzG/k4ooxV8lzAnE=
-24,-10,XJ4yG/FrmpTU92BdPN4R70u5Buw=,iw+3laBukc8bzG/k4ooxV8lzAnE=
-17,-1,XJ4yG/FrmpTU92BdPN4R70u5Buw=,iw+3laBukc8bzG/k4ooxV8lzAnE=
-17,-6,XJ4yG/FrmpTU92BdPN4R70u5Buw=,iw+3laBukc8bzG/k4ooxV8lzAnE=
-17,-4,XJ4yG/FrmpTU92BdPN4R70u5Buw=,iw+3laBukc8bzG/k4ooxV8lzAnE=
-17,-5,XJ4yG/FrmpTU92BdPN4R70u5Buw=,iw+3laBukc8bzG/k4ooxV8lzAnE=
-19,-11,XJ4yG/FrmpTU92BdPN4R70u5Buw=,iw+3laBukc8bzG/k4ooxV8lzAnE=
-20,-9,XJ4yG/FrmpTU92BdPN4R70u5Buw=,iw+3laBukc8bzG/k4ooxV8lzAnE=
-19,-9,XJ4yG/FrmpTU92BdPN4R70u5Buw=,iw+3laBukc8bzG/k4ooxV8lzAnE=
-21,-10,XJ4yG/FrmpTU92BdPN4R70u5Buw=,iw+3laBukc8bzG/k4ooxV8lzAnE=
-18,-11,XJ4yG/FrmpTU92BdPN4R70u5Buw=,iw+3laBukc8bzG/k4ooxV8lzAnE=
-18,-9,XJ4yG/FrmpTU92BdPN4R70u5Buw=,iw+3laBukc8bzG/k4ooxV8lzAnE=
-20,-15,XJ4yG/FrmpTU92BdPN4R70u5Buw=,iw+3laBukc8bzG/k4ooxV8lzAnE=
-17,-9,XJ4yG/FrmpTU92BdPN4R70u5Buw=,iw+3laBukc8bzG/k4ooxV8lzAnE=
-21,-9,XJ4yG/FrmpTU92BdPN4R70u5Buw=,iw+3laBukc8bzG/k4ooxV8lzAnE=
-19,-15,XJ4yG/FrmpTU92BdPN4R70u5Buw=,iw+3laBukc8bzG/k4ooxV8lzAnE=
-21,-15,XJ4yG/FrmpTU92BdPN4R70u5Buw=,iw+3laBukc8bzG/k4ooxV8lzAnE=
-20,-8,XJ4yG/FrmpTU92BdPN4R70u5Buw=,iw+3laBukc8bzG/k4ooxV8lzAnE=
-21,-8,XJ4yG/FrmpTU92BdPN4R70u5Buw=,iw+3laBukc8bzG/k4ooxV8lzAnE=
-19,-8,XJ4yG/FrmpTU92BdPN4R70u5Buw=,iw+3laBukc8bzG/k4ooxV8lzAnE=
-18,-15,XJ4yG/FrmpTU92BdPN4R70u5Buw=,iw+3laBukc8bzG/k4ooxV8lzAnE=
-20,-11,XJ4yG/FrmpTU92BdPN4R70u5Buw=,iw+3laBukc8bzG/k4ooxV8lzAnE=
-18,-8,XJ4yG/FrmpTU92BdPN4R70u5Buw=,iw+3laBukc8bzG/k4ooxV8lzAnE=
-20,-13,XJ4yG/FrmpTU92BdPN4R70u5Buw=,iw+3laBukc8bzG/k4ooxV8lzAnE=
-17,-14,XJ4yG/FrmpTU92BdPN4R70u5Buw=,iw+3laBukc8bzG/k4ooxV8lzAnE=
-21,-16,XJ4yG/FrmpTU92BdPN4R70u5Buw=,iw+3laBukc8bzG/k4ooxV8lzAnE=
-21,-14,XJ4yG/FrmpTU92BdPN4R70u5Buw=,iw+3laBukc8bzG/k4ooxV8lzAnE=
-21,-11,XJ4yG/FrmpTU92BdPN4R70u5Buw=,iw+3laBukc8bzG/k4ooxV8lzAnE=
-17,-15,XJ4yG/FrmpTU92BdPN4R70u5Buw=,iw+3laBukc8bzG/k4ooxV8lzAnE=
-17,-8,XJ4yG/FrmpTU92BdPN4R70u5Buw=,iw+3laBukc8bzG/k4ooxV8lzAnE=
-17,-13,XJ4yG/FrmpTU92BdPN4R70u5Buw=,iw+3laBukc8bzG/k4ooxV8lzAnE=
-20,-14,XJ4yG/FrmpTU92BdPN4R70u5Buw=,iw+3laBukc8bzG/k4ooxV8lzAnE=
-17,-11,XJ4yG/FrmpTU92BdPN4R70u5Buw=,iw+3laBukc8bzG/k4ooxV8lzAnE=
-18,-13,XJ4yG/FrmpTU92BdPN4R70u5Buw=,iw+3laBukc8bzG/k4ooxV8lzAnE=
-19,-14,XJ4yG/FrmpTU92BdPN4R70u5Buw=,iw+3laBukc8bzG/k4ooxV8lzAnE=
-20,-10,XJ4yG/FrmpTU92BdPN4R70u5Buw=,iw+3laBukc8bzG/k4ooxV8lzAnE=
-21,-13,XJ4yG/FrmpTU92BdPN4R70u5Buw=,iw+3laBukc8bzG/k4ooxV8lzAnE=
-18,-14,XJ4yG/FrmpTU92BdPN4R70u5Buw=,iw+3laBukc8bzG/k4ooxV8lzAnE=
-19,-10,XJ4yG/FrmpTU92BdPN4R70u5Buw=,iw+3laBukc8bzG/k4ooxV8lzAnE=
-17,-12,XJ4yG/FrmpTU92BdPN4R70u5Buw=,iw+3laBukc8bzG/k4ooxV8lzAnE=
-20,-16,XJ4yG/FrmpTU92BdPN4R70u5Buw=,iw+3laBukc8bzG/k4ooxV8lzAnE=
-17,-10,XJ4yG/FrmpTU92BdPN4R70u5Buw=,iw+3laBukc8bzG/k4ooxV8lzAnE=
-20,-12,XJ4yG/FrmpTU92BdPN4R70u5Buw=,iw+3laBukc8bzG/k4ooxV8lzAnE=
-18,-12,XJ4yG/FrmpTU92BdPN4R70u5Buw=,iw+3laBukc8bzG/k4ooxV8lzAnE=
-19,-16,XJ4yG/FrmpTU92BdPN4R70u5Buw=,iw+3laBukc8bzG/k4ooxV8lzAnE=
-18,-10,XJ4yG/FrmpTU92BdPN4R70u5Buw=,iw+3laBukc8bzG/k4ooxV8lzAnE=
-21,-12,XJ4yG/FrmpTU92BdPN4R70u5Buw=,iw+3laBukc8bzG/k4ooxV8lzAnE=
-19,-12,XJ4yG/FrmpTU92BdPN4R70u5Buw=,iw+3laBukc8bzG/k4ooxV8lzAnE=
-17,-16,XJ4yG/FrmpTU92BdPN4R70u5Buw=,iw+3laBukc8bzG/k4ooxV8lzAnE=
-19,-13,XJ4yG/FrmpTU92BdPN4R70u5Buw=,iw+3laBukc8bzG/k4ooxV8lzAnE=
-18,-16,XJ4yG/FrmpTU92BdPN4R70u5Buw=,iw+3laBukc8bzG/k4ooxV8lzAnE=
